ProductID,OpeningStock,ClosingStock,InventoryMonth
1001,250,195,Jan
1001,322,264,Feb
1001,349,305,Mar
1001,286,144,Apr
1001,84,12,May
1001,142,41,Jun
1001,339,191,Jul
1001,179,56,Aug
1001,365,309,Sep
1001,260,162,Oct
1001,386,314,Nov
1001,116,38,Dec
1002,83,23,Jan
1002,168,51,Feb
1002,231,124,Mar
1002,199,108,Apr
1002,135,14,May
1002,51,6,Jun
1002,196,60,Jul
1002,296,203,Aug
1002,295,208,Sep
1002,48,18,Oct
1002,98,17,Nov
1002,127,49,Dec
1003,184,139,Jan
1003,121,101,Feb
1003,125,85,Mar
1003,345,282,Apr
1003,384,363,May
1003,180,54,Jun
1003,203,120,Jul
1003,275,207,Aug
1003,378,369,Sep
1003,347,268,Oct
1003,389,353,Nov
1003,356,282,Dec
1004,167,128,Jan
1004,181,112,Feb
1004,292,216,Mar
1004,35,30,Apr
1004,62,9,May
1004,198,103,Jun
1004,378,348,Jul
1004,267,128,Aug
1004,347,249,Sep
1004,69,60,Oct
1004,168,128,Nov
1004,253,158,Dec
1005,276,190,Jan
1005,247,125,Feb
1005,123,6,Mar
1005,349,251,Apr
1005,143,79,May
1005,383,350,Jun
1005,381,296,Jul
1005,117,33,Aug
1005,176,97,Sep
1005,252,124,Oct
1005,173,65,Nov
1005,331,274,Dec
1006,159,116,Jan
1006,253,143,Feb
1006,311,214,Mar
1006,127,92,Apr
1006,334,214,May
1006,326,258,Jun
1006,226,223,Jul
1006,384,273,Aug
1006,22,7,Sep
1006,57,27,Oct
1006,134,23,Nov
1006,25,6,Dec
1007,331,301,Jan
1007,72,49,Feb
1007,32,11,Mar
1007,218,174,Apr
1007,262,158,May
1007,315,282,Jun
1007,56,22,Jul
1007,172,108,Aug
1007,305,216,Sep
1007,95,41,Oct
1007,272,222,Nov
1007,332,258,Dec
1008,263,260,Jan
1008,96,68,Feb
1008,68,49,Mar
1008,281,226,Apr
1008,22,14,May
1008,200,51,Jun
1008,139,38,Jul
1008,238,230,Aug
1008,134,124,Sep
1008,328,315,Oct
1008,25,5,Nov
1008,191,174,Dec
1009,251,196,Jan
1009,140,101,Feb
1009,95,71,Mar
1009,397,345,Apr
1009,236,107,May
1009,207,87,Jun
1009,250,161,Jul
1009,244,240,Aug
1009,337,218,Sep
1009,370,350,Oct
1009,138,122,Nov
1009,116,83,Dec
1010,387,365,Jan
1010,371,253,Feb
1010,321,171,Mar
1010,33,5,Apr
1010,275,155,May
1010,247,182,Jun
1010,304,259,Jul
1010,322,284,Aug
1010,335,328,Sep
1010,166,38,Oct
1010,48,15,Nov
1010,312,233,Dec
1011,78,60,Jan
1011,161,46,Feb
1011,146,17,Mar
1011,383,380,Apr
1011,195,96,May
1011,221,150,Jun
1011,390,367,Jul
1011,232,226,Aug
1011,166,97,Sep
1011,333,250,Oct
1011,161,25,Nov
1011,36,9,Dec
1012,90,60,Jan
1012,232,152,Feb
1012,227,138,Mar
1012,297,164,Apr
1012,42,6,May
1012,126,116,Jun
1012,337,271,Jul
1012,143,125,Aug
1012,162,17,Sep
1012,135,45,Oct
1012,365,306,Nov
1012,253,208,Dec
1013,318,177,Jan
1013,391,288,Feb
1013,225,163,Mar
1013,91,33,Apr
1013,54,16,May
1013,107,26,Jun
1013,174,135,Jul
1013,267,211,Aug
1013,245,171,Sep
1013,36,15,Oct
1013,91,32,Nov
1013,289,259,Dec
1014,173,142,Jan
1014,339,238,Feb
1014,178,104,Mar
1014,55,33,Apr
1014,304,161,May
1014,231,151,Jun
1014,199,187,Jul
1014,273,239,Aug
1014,204,167,Sep
1014,61,58,Oct
1014,337,262,Nov
1014,279,267,Dec
1015,331,208,Jan
1015,274,161,Feb
1015,231,171,Mar
1015,318,267,Apr
1015,160,62,May
1015,126,74,Jun
1015,155,52,Jul
1015,137,71,Aug
1015,302,235,Sep
1015,383,335,Oct
1015,28,20,Nov
1015,390,324,Dec
1016,391,348,Jan
1016,273,200,Feb
1016,165,83,Mar
1016,324,257,Apr
1016,273,236,May
1016,367,357,Jun
1016,311,283,Jul
1016,80,75,Aug
1016,141,20,Sep
1016,66,18,Oct
1016,230,142,Nov
1016,229,89,Dec
1017,94,18,Jan
1017,210,200,Feb
1017,366,295,Mar
1017,21,5,Apr
1017,68,4,May
1017,379,255,Jun
1017,318,218,Jul
1017,218,125,Aug
1017,30,11,Sep
1017,192,146,Oct
1017,165,60,Nov
1017,323,252,Dec
1018,234,207,Jan
1018,346,297,Feb
1018,203,189,Mar
1018,208,95,Apr
1018,150,44,May
1018,190,159,Jun
1018,273,217,Jul
1018,177,56,Aug
1018,36,28,Sep
1018,335,254,Oct
1018,151,132,Nov
1018,289,188,Dec
1019,211,197,Jan
1019,223,119,Feb
1019,391,388,Mar
1019,177,53,Apr
1019,176,49,May
1019,211,92,Jun
1019,297,252,Jul
1019,298,175,Aug
1019,362,313,Sep
1019,164,60,Oct
1019,310,164,Nov
1019,399,365,Dec
1020,38,4,Jan
1020,305,211,Feb
1020,101,16,Mar
1020,84,51,Apr
1020,272,187,May
1020,149,90,Jun
1020,155,145,Jul
1020,190,103,Aug
1020,328,237,Sep
1020,269,125,Oct
1020,148,140,Nov
1020,97,58,Dec
1021,32,15,Jan
1021,158,56,Feb
1021,293,190,Mar
1021,327,219,Apr
1021,130,17,May
1021,277,267,Jun
1021,190,190,Jul
1021,87,6,Aug
1021,362,295,Sep
1021,280,209,Oct
1021,195,68,Nov
1021,345,337,Dec
1022,396,376,Jan
1022,297,169,Feb
1022,269,119,Mar
1022,207,74,Apr
1022,288,222,May
1022,220,214,Jun
1022,44,38,Jul
1022,289,210,Aug
1022,122,59,Sep
1022,253,202,Oct
1022,331,185,Nov
1022,73,32,Dec
1023,299,170,Jan
1023,343,299,Feb
1023,216,168,Mar
1023,314,174,Apr
1023,349,243,May
1023,133,53,Jun
1023,244,159,Jul
1023,100,88,Aug
1023,299,187,Sep
1023,124,49,Oct
1023,248,135,Nov
1023,101,31,Dec
1024,385,353,Jan
1024,232,207,Feb
1024,144,79,Mar
1024,372,248,Apr
1024,235,175,May
1024,268,228,Jun
1024,41,7,Jul
1024,281,240,Aug
1024,235,149,Sep
1024,325,218,Oct
1024,168,48,Nov
1024,157,64,Dec
1025,268,207,Jan
1025,276,239,Feb
1025,271,261,Mar
1025,343,297,Apr
1025,313,245,May
1025,103,22,Jun
1025,59,43,Jul
1025,329,297,Aug
1025,280,203,Sep
1025,378,239,Oct
1025,209,167,Nov
1025,179,82,Dec
1026,130,115,Jan
1026,114,86,Feb
1026,126,2,Mar
1026,62,43,Apr
1026,195,148,May
1026,289,261,Jun
1026,378,282,Jul
1026,158,26,Aug
1026,209,100,Sep
1026,78,29,Oct
1026,346,330,Nov
1026,368,321,Dec
1027,308,283,Jan
1027,257,253,Feb
1027,24,4,Mar
1027,125,76,Apr
1027,170,120,May
1027,159,120,Jun
1027,94,83,Jul
1027,33,33,Aug
1027,237,204,Sep
1027,294,276,Oct
1027,113,113,Nov
1027,155,76,Dec
1028,26,5,Jan
1028,155,134,Feb
1028,63,51,Mar
1028,255,198,Apr
1028,62,4,May
1028,321,291,Jun
1028,395,299,Jul
1028,376,232,Aug
1028,21,9,Sep
1028,228,99,Oct
1028,223,188,Nov
1028,267,233,Dec
1029,387,387,Jan
1029,250,238,Feb
1029,349,343,Mar
1029,100,19,Apr
1029,323,309,May
1029,271,162,Jun
1029,316,294,Jul
1029,249,216,Aug
1029,171,46,Sep
1029,376,296,Oct
1029,363,232,Nov
1029,91,45,Dec
1030,129,93,Jan
1030,77,75,Feb
1030,139,43,Mar
1030,38,5,Apr
1030,361,249,May
1030,400,313,Jun
1030,356,348,Jul
1030,290,270,Aug
1030,177,83,Sep
1030,119,4,Oct
1030,99,62,Nov
1030,386,261,Dec
1031,183,100,Jan
1031,164,140,Feb
1031,271,155,Mar
1031,351,292,Apr
1031,191,148,May
1031,87,15,Jun
1031,167,96,Jul
1031,115,42,Aug
1031,41,2,Sep
1031,351,311,Oct
1031,119,81,Nov
1031,307,250,Dec
1032,41,24,Jan
1032,105,28,Feb
1032,346,271,Mar
1032,80,7,Apr
1032,339,206,May
1032,287,180,Jun
1032,343,320,Jul
1032,383,290,Aug
1032,51,21,Sep
1032,79,9,Oct
1032,150,134,Nov
1032,240,131,Dec
1033,302,225,Jan
1033,141,62,Feb
1033,333,236,Mar
1033,104,24,Apr
1033,203,149,May
1033,351,250,Jun
1033,174,100,Jul
1033,399,364,Aug
1033,68,51,Sep
1033,298,197,Oct
1033,119,43,Nov
1033,28,9,Dec
1034,75,53,Jan
1034,221,187,Feb
1034,90,61,Mar
1034,175,45,Apr
1034,167,78,May
1034,348,275,Jun
1034,236,108,Jul
1034,100,81,Aug
1034,168,105,Sep
1034,379,297,Oct
1034,312,268,Nov
1034,275,144,Dec
1035,90,68,Jan
1035,166,140,Feb
1035,186,82,Mar
1035,193,190,Apr
1035,328,194,May
1035,329,298,Jun
1035,194,105,Jul
1035,315,280,Aug
1035,373,287,Sep
1035,97,30,Oct
1035,38,16,Nov
1035,151,100,Dec
1036,61,11,Jan
1036,366,272,Feb
1036,310,181,Mar
1036,226,203,Apr
1036,46,9,May
1036,364,250,Jun
1036,31,16,Jul
1036,234,119,Aug
1036,127,49,Sep
1036,287,203,Oct
1036,136,36,Nov
1036,99,14,Dec
1037,27,9,Jan
1037,269,233,Feb
1037,395,260,Mar
1037,221,190,Apr
1037,225,197,May
1037,66,61,Jun
1037,364,341,Jul
1037,111,46,Aug
1037,301,173,Sep
1037,382,312,Oct
1037,65,11,Nov
1037,139,139,Dec
1038,317,268,Jan
1038,369,307,Feb
1038,203,175,Mar
1038,359,251,Apr
1038,253,125,May
1038,99,70,Jun
1038,199,117,Jul
1038,398,299,Aug
1038,84,3,Sep
1038,114,6,Oct
1038,394,346,Nov
1038,59,18,Dec
1039,223,188,Jan
1039,261,159,Feb
1039,83,2,Mar
1039,225,78,Apr
1039,40,40,May
1039,34,5,Jun
1039,323,268,Jul
1039,391,379,Aug
1039,127,112,Sep
1039,277,200,Oct
1039,76,76,Nov
1039,377,228,Dec
1040,138,103,Jan
1040,119,23,Feb
1040,321,306,Mar
1040,149,58,Apr
1040,177,101,May
1040,286,249,Jun
1040,350,340,Jul
1040,378,279,Aug
1040,283,135,Sep
1040,213,77,Oct
1040,134,86,Nov
1040,161,111,Dec
1041,61,25,Jan
1041,298,276,Feb
1041,74,33,Mar
1041,242,97,Apr
1041,196,112,May
1041,89,19,Jun
1041,243,157,Jul
1041,308,276,Aug
1041,326,319,Sep
1041,75,42,Oct
1041,57,54,Nov
1041,306,218,Dec
1042,153,85,Jan
1042,159,143,Feb
1042,65,55,Mar
1042,134,123,Apr
1042,219,167,May
1042,365,314,Jun
1042,71,46,Jul
1042,200,52,Aug
1042,57,13,Sep
1042,229,124,Oct
1042,213,185,Nov
1042,342,195,Dec
1043,144,71,Jan
1043,148,132,Feb
1043,170,115,Mar
1043,317,308,Apr
1043,356,269,May
1043,137,136,Jun
1043,395,325,Jul
1043,149,1,Aug
1043,100,6,Sep
1043,338,250,Oct
1043,300,152,Nov
1043,173,139,Dec
1044,298,256,Jan
1044,59,14,Feb
1044,385,268,Mar
1044,396,360,Apr
1044,248,152,May
1044,338,278,Jun
1044,51,13,Jul
1044,286,257,Aug
1044,310,162,Sep
1044,318,306,Oct
1044,23,1,Nov
1044,385,353,Dec
1045,250,228,Jan
1045,276,143,Feb
1045,364,259,Mar
1045,209,172,Apr
1045,159,76,May
1045,314,187,Jun
1045,297,177,Jul
1045,289,277,Aug
1045,390,297,Sep
1045,368,340,Oct
1045,314,313,Nov
1045,250,131,Dec
1046,110,7,Jan
1046,280,162,Feb
1046,196,187,Mar
1046,93,45,Apr
1046,339,235,May
1046,35,11,Jun
1046,315,179,Jul
1046,295,289,Aug
1046,113,9,Sep
1046,271,200,Oct
1046,302,244,Nov
1046,24,1,Dec
1047,186,49,Jan
1047,214,99,Feb
1047,331,207,Mar
1047,64,5,Apr
1047,120,115,May
1047,252,167,Jun
1047,143,129,Jul
1047,217,166,Aug
1047,358,283,Sep
1047,343,338,Oct
1047,162,27,Nov
1047,238,140,Dec
1048,205,204,Jan
1048,189,70,Feb
1048,233,100,Mar
1048,248,154,Apr
1048,167,146,May
1048,70,63,Jun
1048,248,244,Jul
1048,212,179,Aug
1048,374,265,Sep
1048,110,44,Oct
1048,148,105,Nov
1048,243,142,Dec
1049,225,85,Jan
1049,292,259,Feb
1049,382,344,Mar
1049,361,252,Apr
1049,203,110,May
1049,216,97,Jun
1049,339,279,Jul
1049,128,111,Aug
1049,400,321,Sep
1049,155,114,Oct
1049,43,41,Nov
1049,199,102,Dec
1050,27,22,Jan
1050,34,29,Feb
1050,112,65,Mar
1050,259,111,Apr
1050,148,105,May
1050,163,54,Jun
1050,306,239,Jul
1050,185,133,Aug
1050,132,80,Sep
1050,69,36,Oct
1050,277,194,Nov
1050,166,125,Dec
1051,228,211,Jan
1051,264,227,Feb
1051,240,92,Mar
1051,246,242,Apr
1051,101,95,May
1051,73,14,Jun
1051,357,244,Jul
1051,181,52,Aug
1051,36,14,Sep
1051,291,197,Oct
1051,333,257,Nov
1051,150,73,Dec
1052,394,371,Jan
1052,345,218,Feb
1052,130,85,Mar
1052,360,210,Apr
1052,319,234,May
1052,298,267,Jun
1052,238,103,Jul
1052,196,111,Aug
1052,118,17,Sep
1052,307,204,Oct
1052,95,19,Nov
1052,383,379,Dec
1053,239,217,Jan
1053,124,62,Feb
1053,385,244,Mar
1053,152,146,Apr
1053,355,353,May
1053,217,133,Jun
1053,218,174,Jul
1053,238,134,Aug
1053,366,290,Sep
1053,291,177,Oct
1053,288,244,Nov
1053,161,39,Dec
1054,28,21,Jan
1054,400,293,Feb
1054,232,197,Mar
1054,168,28,Apr
1054,396,351,May
1054,238,95,Jun
1054,251,152,Jul
1054,55,4,Aug
1054,323,314,Sep
1054,104,52,Oct
1054,223,158,Nov
1054,217,71,Dec
1055,85,26,Jan
1055,205,161,Feb
1055,361,336,Mar
1055,112,62,Apr
1055,60,5,May
1055,229,86,Jun
1055,310,235,Jul
1055,300,170,Aug
1055,381,268,Sep
1055,248,191,Oct
1055,380,247,Nov
1055,282,185,Dec
1056,359,214,Jan
1056,311,191,Feb
1056,233,123,Mar
1056,151,78,Apr
1056,384,294,May
1056,148,33,Jun
1056,280,255,Jul
1056,226,174,Aug
1056,327,221,Sep
1056,112,96,Oct
1056,207,120,Nov
1056,330,313,Dec
1057,299,241,Jan
1057,393,313,Feb
1057,196,154,Mar
1057,139,100,Apr
1057,219,117,May
1057,81,9,Jun
1057,272,193,Jul
1057,229,174,Aug
1057,156,130,Sep
1057,82,51,Oct
1057,284,243,Nov
1057,271,269,Dec
1058,223,163,Jan
1058,225,197,Feb
1058,227,144,Mar
1058,78,59,Apr
1058,65,7,May
1058,274,179,Jun
1058,125,100,Jul
1058,44,37,Aug
1058,89,47,Sep
1058,145,79,Oct
1058,282,144,Nov
1058,34,18,Dec
1059,393,370,Jan
1059,45,44,Feb
1059,178,107,Mar
1059,397,332,Apr
1059,123,123,May
1059,257,252,Jun
1059,199,139,Jul
1059,313,309,Aug
1059,83,57,Sep
1059,275,211,Oct
1059,311,311,Nov
1059,376,353,Dec
1060,68,65,Jan
1060,218,122,Feb
1060,139,113,Mar
1060,316,299,Apr
1060,50,20,May
1060,285,272,Jun
1060,25,7,Jul
1060,360,249,Aug
1060,154,153,Sep
1060,264,246,Oct
1060,164,147,Nov
1060,282,171,Dec
1061,251,249,Jan
1061,155,41,Feb
1061,318,261,Mar
1061,384,374,Apr
1061,268,262,May
1061,249,242,Jun
1061,171,103,Jul
1061,297,261,Aug
1061,119,55,Sep
1061,232,166,Oct
1061,152,26,Nov
1061,23,9,Dec
1062,206,182,Jan
1062,329,313,Feb
1062,229,221,Mar
1062,69,15,Apr
1062,211,189,May
1062,157,26,Jun
1062,125,61,Jul
1062,199,130,Aug
1062,83,71,Sep
1062,233,152,Oct
1062,270,139,Nov
1062,347,283,Dec
1063,74,30,Jan
1063,259,213,Feb
1063,182,107,Mar
1063,346,219,Apr
1063,146,89,May
1063,24,2,Jun
1063,39,26,Jul
1063,244,150,Aug
1063,300,150,Sep
1063,372,240,Oct
1063,169,116,Nov
1063,270,245,Dec
1064,259,171,Jan
1064,246,146,Feb
1064,198,101,Mar
1064,82,42,Apr
1064,121,0,May
1064,105,13,Jun
1064,54,24,Jul
1064,61,5,Aug
1064,194,108,Sep
1064,251,133,Oct
1064,375,264,Nov
1064,209,82,Dec
1065,69,56,Jan
1065,77,7,Feb
1065,296,177,Mar
1065,357,259,Apr
1065,229,198,May
1065,108,93,Jun
1065,26,23,Jul
1065,279,214,Aug
1065,155,29,Sep
1065,382,322,Oct
1065,24,22,Nov
1065,238,198,Dec
1066,390,324,Jan
1066,126,35,Feb
1066,250,182,Mar
1066,127,76,Apr
1066,388,286,May
1066,202,115,Jun
1066,48,41,Jul
1066,65,46,Aug
1066,64,34,Sep
1066,128,127,Oct
1066,179,35,Nov
1066,143,64,Dec
1067,262,199,Jan
1067,186,162,Feb
1067,123,19,Mar
1067,38,0,Apr
1067,33,27,May
1067,357,281,Jun
1067,129,112,Jul
1067,137,45,Aug
1067,348,251,Sep
1067,188,91,Oct
1067,189,160,Nov
1067,151,71,Dec
1068,254,239,Jan
1068,99,75,Feb
1068,190,83,Mar
1068,164,150,Apr
1068,197,100,May
1068,39,28,Jun
1068,47,22,Jul
1068,247,204,Aug
1068,121,63,Sep
1068,373,267,Oct
1068,364,321,Nov
1068,59,34,Dec
1069,150,57,Jan
1069,144,21,Feb
1069,100,46,Mar
1069,380,313,Apr
1069,343,235,May
1069,205,104,Jun
1069,365,288,Jul
1069,63,19,Aug
1069,217,79,Sep
1069,170,50,Oct
1069,79,14,Nov
1069,173,164,Dec
1070,363,343,Jan
1070,325,277,Feb
1070,125,106,Mar
1070,206,62,Apr
1070,348,276,May
1070,79,19,Jun
1070,188,67,Jul
1070,343,333,Aug
1070,393,311,Sep
1070,316,186,Oct
1070,284,191,Nov
1070,382,350,Dec
1071,173,80,Jan
1071,249,110,Feb
1071,373,230,Mar
1071,338,249,Apr
1071,373,318,May
1071,163,119,Jun
1071,282,133,Jul
1071,356,282,Aug
1071,276,261,Sep
1071,300,205,Oct
1071,77,48,Nov
1071,279,246,Dec
1072,264,218,Jan
1072,258,248,Feb
1072,391,299,Mar
1072,163,41,Apr
1072,280,139,May
1072,26,24,Jun
1072,316,211,Jul
1072,59,31,Aug
1072,244,193,Sep
1072,387,241,Oct
1072,376,341,Nov
1072,227,200,Dec
1073,47,13,Jan
1073,340,305,Feb
1073,157,15,Mar
1073,266,120,Apr
1073,389,296,May
1073,73,9,Jun
1073,273,206,Jul
1073,20,13,Aug
1073,75,69,Sep
1073,100,72,Oct
1073,129,20,Nov
1073,364,279,Dec
1074,327,178,Jan
1074,46,19,Feb
1074,377,346,Mar
1074,217,212,Apr
1074,385,240,May
1074,191,117,Jun
1074,153,124,Jul
1074,346,314,Aug
1074,240,216,Sep
1074,267,182,Oct
1074,87,69,Nov
1074,331,289,Dec
1075,393,336,Jan
1075,209,129,Feb
1075,361,338,Mar
1075,49,28,Apr
1075,150,38,May
1075,45,40,Jun
1075,309,198,Jul
1075,172,161,Aug
1075,117,46,Sep
1075,177,77,Oct
1075,295,155,Nov
1075,65,13,Dec
1076,353,306,Jan
1076,141,20,Feb
1076,154,117,Mar
1076,303,267,Apr
1076,195,163,May
1076,298,190,Jun
1076,360,292,Jul
1076,270,212,Aug
1076,23,7,Sep
1076,89,7,Oct
1076,219,94,Nov
1076,50,29,Dec
1077,392,301,Jan
1077,256,215,Feb
1077,179,48,Mar
1077,35,11,Apr
1077,341,226,May
1077,108,103,Jun
1077,298,211,Jul
1077,202,63,Aug
1077,133,100,Sep
1077,106,103,Oct
1077,266,225,Nov
1077,230,101,Dec
1078,56,34,Jan
1078,251,172,Feb
1078,164,88,Mar
1078,224,157,Apr
1078,181,162,May
1078,280,185,Jun
1078,37,16,Jul
1078,397,347,Aug
1078,258,192,Sep
1078,41,32,Oct
1078,297,210,Nov
1078,103,74,Dec
1079,268,197,Jan
1079,253,206,Feb
1079,200,138,Mar
1079,287,139,Apr
1079,174,120,May
1079,138,27,Jun
1079,63,35,Jul
1079,31,26,Aug
1079,298,273,Sep
1079,193,97,Oct
1079,100,82,Nov
1079,175,76,Dec
1080,225,192,Jan
1080,326,282,Feb
1080,400,362,Mar
1080,61,15,Apr
1080,298,293,May
1080,302,264,Jun
1080,119,107,Jul
1080,242,129,Aug
1080,268,243,Sep
1080,373,352,Oct
1080,182,84,Nov
1080,297,203,Dec
1081,267,158,Jan
1081,225,107,Feb
1081,109,18,Mar
1081,169,143,Apr
1081,128,86,May
1081,282,171,Jun
1081,73,8,Jul
1081,231,213,Aug
1081,237,94,Sep
1081,64,24,Oct
1081,103,12,Nov
1081,59,45,Dec
1082,68,31,Jan
1082,371,367,Feb
1082,115,86,Mar
1082,168,103,Apr
1082,121,84,May
1082,128,6,Jun
1082,148,144,Jul
1082,111,43,Aug
1082,184,105,Sep
1082,24,23,Oct
1082,369,362,Nov
1082,171,93,Dec
1083,363,333,Jan
1083,308,193,Feb
1083,394,272,Mar
1083,225,199,Apr
1083,275,165,May
1083,63,44,Jun
1083,166,116,Jul
1083,30,5,Aug
1083,33,0,Sep
1083,248,215,Oct
1083,332,280,Nov
1083,308,205,Dec
1084,149,30,Jan
1084,182,81,Feb
1084,400,298,Mar
1084,228,187,Apr
1084,357,229,May
1084,32,14,Jun
1084,180,98,Jul
1084,64,2,Aug
1084,234,175,Sep
1084,298,177,Oct
1084,349,226,Nov
1084,238,96,Dec
1085,306,243,Jan
1085,54,21,Feb
1085,126,109,Mar
1085,262,166,Apr
1085,232,231,May
1085,297,236,Jun
1085,236,197,Jul
1085,207,82,Aug
1085,26,2,Sep
1085,66,15,Oct
1085,166,134,Nov
1085,192,171,Dec
1086,145,137,Jan
1086,393,336,Feb
1086,141,45,Mar
1086,192,67,Apr
1086,279,140,May
1086,49,3,Jun
1086,91,23,Jul
1086,323,191,Aug
1086,233,109,Sep
1086,165,55,Oct
1086,112,62,Nov
1086,162,33,Dec
1087,184,182,Jan
1087,88,59,Feb
1087,263,249,Mar
1087,163,133,Apr
1087,381,282,May
1087,236,220,Jun
1087,234,166,Jul
1087,223,101,Aug
1087,56,22,Sep
1087,340,314,Oct
1087,297,218,Nov
1087,385,343,Dec
1088,203,69,Jan
1088,226,191,Feb
1088,358,235,Mar
1088,255,108,Apr
1088,55,0,May
1088,269,217,Jun
1088,319,214,Jul
1088,66,27,Aug
1088,116,97,Sep
1088,319,306,Oct
1088,69,41,Nov
1088,281,153,Dec
1089,278,264,Jan
1089,205,101,Feb
1089,320,211,Mar
1089,168,154,Apr
1089,35,0,May
1089,136,24,Jun
1089,217,166,Jul
1089,302,180,Aug
1089,279,174,Sep
1089,144,70,Oct
1089,360,215,Nov
1089,185,122,Dec
1090,41,5,Jan
1090,35,18,Feb
1090,115,7,Mar
1090,277,131,Apr
1090,316,182,May
1090,188,113,Jun
1090,153,118,Jul
1090,168,104,Aug
1090,39,7,Sep
1090,283,135,Oct
1090,342,339,Nov
1090,260,231,Dec
1091,31,21,Jan
1091,281,133,Feb
1091,76,16,Mar
1091,261,112,Apr
1091,35,32,May
1091,93,54,Jun
1091,198,177,Jul
1091,101,4,Aug
1091,337,306,Sep
1091,287,230,Oct
1091,281,233,Nov
1091,108,31,Dec
1092,306,278,Jan
1092,127,50,Feb
1092,193,177,Mar
1092,343,267,Apr
1092,116,84,May
1092,219,100,Jun
1092,259,199,Jul
1092,311,229,Aug
1092,70,62,Sep
1092,296,190,Oct
1092,374,367,Nov
1092,149,21,Dec
1093,353,349,Jan
1093,60,49,Feb
1093,364,254,Mar
1093,336,294,Apr
1093,105,51,May
1093,264,169,Jun
1093,400,286,Jul
1093,218,136,Aug
1093,188,108,Sep
1093,256,195,Oct
1093,47,13,Nov
1093,133,105,Dec
1094,114,55,Jan
1094,195,147,Feb
1094,305,304,Mar
1094,281,135,Apr
1094,102,95,May
1094,314,263,Jun
1094,363,331,Jul
1094,108,107,Aug
1094,134,86,Sep
1094,223,216,Oct
1094,252,103,Nov
1094,76,17,Dec
1095,221,85,Jan
1095,333,263,Feb
1095,30,14,Mar
1095,334,221,Apr
1095,392,253,May
1095,143,33,Jun
1095,151,44,Jul
1095,104,19,Aug
1095,101,99,Sep
1095,58,5,Oct
1095,328,253,Nov
1095,349,257,Dec
1096,392,380,Jan
1096,39,33,Feb
1096,164,35,Mar
1096,209,65,Apr
1096,167,143,May
1096,92,62,Jun
1096,126,19,Jul
1096,236,155,Aug
1096,122,29,Sep
1096,106,2,Oct
1096,271,165,Nov
1096,341,195,Dec
1097,216,74,Jan
1097,281,231,Feb
1097,289,165,Mar
1097,85,3,Apr
1097,227,177,May
1097,57,14,Jun
1097,170,170,Jul
1097,55,19,Aug
1097,75,22,Sep
1097,385,264,Oct
1097,332,185,Nov
1097,241,185,Dec
1098,325,192,Jan
1098,88,84,Feb
1098,240,163,Mar
1098,296,177,Apr
1098,288,228,May
1098,341,273,Jun
1098,394,392,Jul
1098,45,5,Aug
1098,248,117,Sep
1098,287,172,Oct
1098,162,155,Nov
1098,213,64,Dec
1099,80,54,Jan
1099,79,25,Feb
1099,102,21,Mar
1099,163,123,Apr
1099,152,17,May
1099,170,48,Jun
1099,342,207,Jul
1099,177,49,Aug
1099,234,223,Sep
1099,277,271,Oct
1099,57,21,Nov
1099,123,71,Dec
1100,88,84,Jan
1100,243,156,Feb
1100,100,96,Mar
1100,333,227,Apr
1100,25,5,May
1100,153,61,Jun
1100,55,3,Jul
1100,270,195,Aug
1100,149,112,Sep
1100,94,46,Oct
1100,335,304,Nov
1100,181,135,Dec
1101,214,128,Jan
1101,317,305,Feb
1101,221,189,Mar
1101,291,263,Apr
1101,61,43,May
1101,238,234,Jun
1101,261,175,Jul
1101,116,62,Aug
1101,176,119,Sep
1101,150,76,Oct
1101,251,229,Nov
1101,241,184,Dec
1102,151,26,Jan
1102,270,164,Feb
1102,179,137,Mar
1102,54,36,Apr
1102,188,85,May
1102,317,252,Jun
1102,107,22,Jul
1102,254,123,Aug
1102,338,333,Sep
1102,282,164,Oct
1102,381,267,Nov
1102,124,32,Dec
1103,54,48,Jan
1103,63,26,Feb
1103,64,36,Mar
1103,51,6,Apr
1103,400,294,May
1103,65,6,Jun
1103,381,302,Jul
1103,311,264,Aug
1103,272,190,Sep
1103,82,45,Oct
1103,229,87,Nov
1103,265,254,Dec
1104,63,4,Jan
1104,273,151,Feb
1104,234,160,Mar
1104,273,186,Apr
1104,121,39,May
1104,397,392,Jun
1104,63,59,Jul
1104,340,335,Aug
1104,266,167,Sep
1104,31,20,Oct
1104,106,35,Nov
1104,113,89,Dec
1105,345,222,Jan
1105,53,14,Feb
1105,125,27,Mar
1105,358,313,Apr
1105,240,224,May
1105,367,300,Jun
1105,224,95,Jul
1105,114,68,Aug
1105,65,15,Sep
1105,98,74,Oct
1105,295,211,Nov
1105,26,16,Dec
1106,322,308,Jan
1106,392,285,Feb
1106,26,13,Mar
1106,326,187,Apr
1106,234,113,May
1106,246,224,Jun
1106,175,153,Jul
1106,305,198,Aug
1106,67,31,Sep
1106,316,306,Oct
1106,130,68,Nov
1106,48,15,Dec
1107,43,27,Jan
1107,128,0,Feb
1107,264,253,Mar
1107,386,323,Apr
1107,56,16,May
1107,46,44,Jun
1107,328,237,Jul
1107,121,14,Aug
1107,204,71,Sep
1107,260,219,Oct
1107,110,3,Nov
1107,152,120,Dec
1108,164,158,Jan
1108,357,272,Feb
1108,24,1,Mar
1108,147,60,Apr
1108,335,263,May
1108,164,138,Jun
1108,307,254,Jul
1108,132,119,Aug
1108,249,105,Sep
1108,292,235,Oct
1108,120,51,Nov
1108,393,345,Dec
1109,313,278,Jan
1109,210,90,Feb
1109,46,42,Mar
1109,372,315,Apr
1109,292,208,May
1109,365,224,Jun
1109,25,15,Jul
1109,32,31,Aug
1109,161,44,Sep
1109,312,293,Oct
1109,385,359,Nov
1109,219,196,Dec
1110,109,101,Jan
1110,31,19,Feb
1110,238,101,Mar
1110,21,6,Apr
1110,352,222,May
1110,348,341,Jun
1110,230,118,Jul
1110,204,175,Aug
1110,154,112,Sep
1110,191,58,Oct
1110,61,23,Nov
1110,205,161,Dec
1111,169,86,Jan
1111,280,181,Feb
1111,177,161,Mar
1111,181,169,Apr
1111,24,15,May
1111,50,27,Jun
1111,351,298,Jul
1111,267,183,Aug
1111,161,133,Sep
1111,142,133,Oct
1111,351,268,Nov
1111,369,241,Dec
1112,360,313,Jan
1112,285,202,Feb
1112,301,284,Mar
1112,123,96,Apr
1112,356,209,May
1112,208,120,Jun
1112,369,294,Jul
1112,248,246,Aug
1112,281,144,Sep
1112,87,79,Oct
1112,185,77,Nov
1112,292,274,Dec
1113,201,115,Jan
1113,67,55,Feb
1113,399,382,Mar
1113,213,71,Apr
1113,390,387,May
1113,197,178,Jun
1113,309,185,Jul
1113,384,319,Aug
1113,239,215,Sep
1113,394,278,Oct
1113,228,132,Nov
1113,118,71,Dec
1114,59,9,Jan
1114,318,180,Feb
1114,324,251,Mar
1114,182,75,Apr
1114,56,46,May
1114,221,148,Jun
1114,27,6,Jul
1114,396,290,Aug
1114,239,106,Sep
1114,361,266,Oct
1114,169,31,Nov
1114,230,103,Dec
1115,327,316,Jan
1115,127,55,Feb
1115,305,210,Mar
1115,208,112,Apr
1115,320,254,May
1115,260,246,Jun
1115,259,125,Jul
1115,22,15,Aug
1115,44,44,Sep
1115,322,196,Oct
1115,171,38,Nov
1115,164,92,Dec
1116,248,224,Jan
1116,93,80,Feb
1116,352,287,Mar
1116,154,51,Apr
1116,81,37,May
1116,226,149,Jun
1116,361,289,Jul
1116,100,32,Aug
1116,217,189,Sep
1116,129,127,Oct
1116,341,307,Nov
1116,27,7,Dec
1117,223,89,Jan
1117,356,265,Feb
1117,246,187,Mar
1117,138,0,Apr
1117,195,104,May
1117,187,44,Jun
1117,61,41,Jul
1117,259,156,Aug
1117,377,307,Sep
1117,217,203,Oct
1117,42,34,Nov
1117,269,230,Dec
1118,314,295,Jan
1118,241,150,Feb
1118,394,261,Mar
1118,90,55,Apr
1118,268,123,May
1118,217,173,Jun
1118,171,132,Jul
1118,193,59,Aug
1118,238,196,Sep
1118,319,234,Oct
1118,23,3,Nov
1118,64,47,Dec
1119,204,197,Jan
1119,187,138,Feb
1119,106,13,Mar
1119,79,77,Apr
1119,50,2,May
1119,389,291,Jun
1119,291,220,Jul
1119,152,34,Aug
1119,295,244,Sep
1119,41,2,Oct
1119,128,112,Nov
1119,388,386,Dec
1120,36,26,Jan
1120,134,12,Feb
1120,143,60,Mar
1120,379,379,Apr
1120,283,249,May
1120,266,164,Jun
1120,243,194,Jul
1120,194,75,Aug
1120,225,141,Sep
1120,299,251,Oct
1120,237,131,Nov
1120,352,329,Dec
1121,262,214,Jan
1121,254,145,Feb
1121,174,83,Mar
1121,291,222,Apr
1121,140,50,May
1121,84,29,Jun
1121,325,257,Jul
1121,372,299,Aug
1121,124,57,Sep
1121,398,371,Oct
1121,239,106,Nov
1121,191,93,Dec
1122,197,81,Jan
1122,291,284,Feb
1122,249,216,Mar
1122,254,139,Apr
1122,246,173,May
1122,205,189,Jun
1122,129,65,Jul
1122,299,223,Aug
1122,397,316,Sep
1122,373,302,Oct
1122,397,304,Nov
1122,98,52,Dec
1123,237,198,Jan
1123,179,168,Feb
1123,360,346,Mar
1123,77,28,Apr
1123,329,265,May
1123,26,13,Jun
1123,59,1,Jul
1123,233,196,Aug
1123,61,57,Sep
1123,269,250,Oct
1123,318,281,Nov
1123,48,21,Dec
1124,133,131,Jan
1124,309,167,Feb
1124,131,97,Mar
1124,279,278,Apr
1124,124,96,May
1124,98,72,Jun
1124,170,31,Jul
1124,108,18,Aug
1124,329,299,Sep
1124,74,38,Oct
1124,255,239,Nov
1124,202,182,Dec
1125,153,153,Jan
1125,190,168,Feb
1125,158,27,Mar
1125,152,89,Apr
1125,141,36,May
1125,351,328,Jun
1125,189,156,Jul
1125,267,251,Aug
1125,289,274,Sep
1125,141,59,Oct
1125,223,89,Nov
1125,103,93,Dec
1126,182,85,Jan
1126,189,127,Feb
1126,305,182,Mar
1126,234,223,Apr
1126,247,230,May
1126,205,190,Jun
1126,347,258,Jul
1126,286,247,Aug
1126,57,43,Sep
1126,383,333,Oct
1126,362,227,Nov
1126,249,186,Dec
1127,364,336,Jan
1127,304,173,Feb
1127,303,295,Mar
1127,338,314,Apr
1127,105,19,May
1127,160,97,Jun
1127,279,192,Jul
1127,215,137,Aug
1127,115,115,Sep
1127,232,161,Oct
1127,152,147,Nov
1127,253,163,Dec
1128,353,226,Jan
1128,183,61,Feb
1128,183,69,Mar
1128,370,312,Apr
1128,311,305,May
1128,153,142,Jun
1128,36,16,Jul
1128,394,304,Aug
1128,254,211,Sep
1128,29,18,Oct
1128,278,132,Nov
1128,109,69,Dec
1129,249,142,Jan
1129,321,302,Feb
1129,44,28,Mar
1129,315,288,Apr
1129,318,216,May
1129,382,309,Jun
1129,82,79,Jul
1129,263,249,Aug
1129,45,24,Sep
1129,21,5,Oct
1129,246,232,Nov
1129,144,125,Dec
1130,59,42,Jan
1130,27,2,Feb
1130,78,6,Mar
1130,297,218,Apr
1130,379,308,May
1130,378,362,Jun
1130,398,349,Jul
1130,85,11,Aug
1130,344,290,Sep
1130,332,294,Oct
1130,133,9,Nov
1130,226,129,Dec
1131,184,74,Jan
1131,288,242,Feb
1131,302,203,Mar
1131,359,226,Apr
1131,22,9,May
1131,160,13,Jun
1131,94,74,Jul
1131,267,244,Aug
1131,366,337,Sep
1131,70,56,Oct
1131,283,239,Nov
1131,390,362,Dec
1132,381,272,Jan
1132,251,155,Feb
1132,99,43,Mar
1132,105,52,Apr
1132,174,170,May
1132,281,163,Jun
1132,90,7,Jul
1132,186,93,Aug
1132,367,232,Sep
1132,385,373,Oct
1132,198,59,Nov
1132,151,93,Dec
1133,107,99,Jan
1133,280,192,Feb
1133,62,39,Mar
1133,303,155,Apr
1133,333,198,May
1133,391,352,Jun
1133,157,100,Jul
1133,263,215,Aug
1133,246,240,Sep
1133,378,345,Oct
1133,68,48,Nov
1133,234,128,Dec
1134,170,128,Jan
1134,237,196,Feb
1134,169,77,Mar
1134,269,183,Apr
1134,295,201,May
1134,83,7,Jun
1134,38,21,Jul
1134,211,166,Aug
1134,114,18,Sep
1134,96,86,Oct
1134,23,6,Nov
1134,238,130,Dec
1135,395,333,Jan
1135,302,164,Feb
1135,327,298,Mar
1135,188,145,Apr
1135,247,183,May
1135,114,93,Jun
1135,114,101,Jul
1135,343,207,Aug
1135,26,16,Sep
1135,166,121,Oct
1135,256,229,Nov
1135,292,260,Dec
1136,219,217,Jan
1136,113,52,Feb
1136,280,194,Mar
1136,281,155,Apr
1136,399,280,May
1136,303,177,Jun
1136,238,234,Jul
1136,214,97,Aug
1136,375,303,Sep
1136,84,10,Oct
1136,358,309,Nov
1136,358,316,Dec
1137,294,242,Jan
1137,360,238,Feb
1137,241,198,Mar
1137,338,210,Apr
1137,343,241,May
1137,168,116,Jun
1137,140,52,Jul
1137,316,294,Aug
1137,283,229,Sep
1137,97,12,Oct
1137,320,207,Nov
1137,232,169,Dec
1138,34,3,Jan
1138,46,11,Feb
1138,164,69,Mar
1138,319,225,Apr
1138,108,78,May
1138,295,199,Jun
1138,371,266,Jul
1138,149,103,Aug
1138,92,32,Sep
1138,93,17,Oct
1138,365,239,Nov
1138,319,202,Dec
1139,283,231,Jan
1139,381,369,Feb
1139,303,167,Mar
1139,292,150,Apr
1139,21,14,May
1139,65,28,Jun
1139,208,149,Jul
1139,305,297,Aug
1139,275,131,Sep
1139,347,287,Oct
1139,362,213,Nov
1139,100,58,Dec
1140,346,283,Jan
1140,187,72,Feb
1140,228,88,Mar
1140,338,298,Apr
1140,282,179,May
1140,88,77,Jun
1140,357,329,Jul
1140,176,68,Aug
1140,303,158,Sep
1140,309,257,Oct
1140,229,205,Nov
1140,387,334,Dec
1141,254,150,Jan
1141,179,170,Feb
1141,366,219,Mar
1141,241,93,Apr
1141,346,225,May
1141,178,167,Jun
1141,243,189,Jul
1141,182,101,Aug
1141,322,221,Sep
1141,91,80,Oct
1141,393,262,Nov
1141,331,226,Dec
1142,124,32,Jan
1142,231,138,Feb
1142,264,210,Mar
1142,319,269,Apr
1142,39,38,May
1142,355,349,Jun
1142,251,125,Jul
1142,351,304,Aug
1142,119,116,Sep
1142,231,174,Oct
1142,28,14,Nov
1142,144,110,Dec
1143,391,258,Jan
1143,131,114,Feb
1143,62,14,Mar
1143,114,13,Apr
1143,271,251,May
1143,226,214,Jun
1143,84,41,Jul
1143,274,178,Aug
1143,207,113,Sep
1143,214,84,Oct
1143,141,119,Nov
1143,50,29,Dec
1144,319,173,Jan
1144,288,158,Feb
1144,63,37,Mar
1144,82,60,Apr
1144,247,186,May
1144,47,23,Jun
1144,31,9,Jul
1144,322,304,Aug
1144,369,276,Sep
1144,148,50,Oct
1144,395,287,Nov
1144,27,21,Dec
1145,60,43,Jan
1145,120,53,Feb
1145,277,231,Mar
1145,137,65,Apr
1145,135,108,May
1145,205,61,Jun
1145,73,48,Jul
1145,203,172,Aug
1145,277,252,Sep
1145,65,42,Oct
1145,110,75,Nov
1145,28,5,Dec
1146,126,91,Jan
1146,78,53,Feb
1146,267,233,Mar
1146,362,311,Apr
1146,361,345,May
1146,233,217,Jun
1146,154,100,Jul
1146,22,12,Aug
1146,378,346,Sep
1146,394,347,Oct
1146,136,72,Nov
1146,301,244,Dec
1147,75,64,Jan
1147,119,29,Feb
1147,61,27,Mar
1147,29,19,Apr
1147,242,221,May
1147,312,183,Jun
1147,192,164,Jul
1147,162,124,Aug
1147,298,271,Sep
1147,69,49,Oct
1147,308,174,Nov
1147,123,19,Dec
1148,392,391,Jan
1148,43,8,Feb
1148,197,80,Mar
1148,199,136,Apr
1148,250,117,May
1148,151,139,Jun
1148,96,11,Jul
1148,298,278,Aug
1148,227,93,Sep
1148,27,13,Oct
1148,248,167,Nov
1148,224,97,Dec
1149,121,20,Jan
1149,59,1,Feb
1149,367,357,Mar
1149,363,335,Apr
1149,22,22,May
1149,384,235,Jun
1149,150,126,Jul
1149,208,69,Aug
1149,96,49,Sep
1149,185,83,Oct
1149,369,335,Nov
1149,80,19,Dec
1150,93,78,Jan
1150,293,184,Feb
1150,322,250,Mar
1150,135,22,Apr
1150,22,19,May
1150,285,255,Jun
1150,211,181,Jul
1150,369,245,Aug
1150,176,68,Sep
1150,384,333,Oct
1150,192,94,Nov
1150,373,359,Dec
1151,150,116,Jan
1151,370,258,Feb
1151,111,46,Mar
1151,77,19,Apr
1151,29,9,May
1151,166,18,Jun
1151,328,230,Jul
1151,400,266,Aug
1151,155,23,Sep
1151,397,262,Oct
1151,374,335,Nov
1151,73,14,Dec
1152,170,140,Jan
1152,112,29,Feb
1152,258,153,Mar
1152,52,22,Apr
1152,172,105,May
1152,73,39,Jun
1152,117,77,Jul
1152,158,47,Aug
1152,360,286,Sep
1152,374,345,Oct
1152,362,299,Nov
1152,303,266,Dec
1153,366,291,Jan
1153,345,243,Feb
1153,393,267,Mar
1153,264,216,Apr
1153,294,271,May
1153,171,32,Jun
1153,130,35,Jul
1153,136,54,Aug
1153,229,131,Sep
1153,261,243,Oct
1153,205,183,Nov
1153,53,53,Dec
1154,349,294,Jan
1154,80,61,Feb
1154,115,64,Mar
1154,338,308,Apr
1154,109,31,May
1154,26,26,Jun
1154,199,129,Jul
1154,29,12,Aug
1154,196,147,Sep
1154,82,19,Oct
1154,153,44,Nov
1154,299,221,Dec
1155,277,213,Jan
1155,51,38,Feb
1155,287,185,Mar
1155,49,8,Apr
1155,324,307,May
1155,327,307,Jun
1155,300,300,Jul
1155,284,195,Aug
1155,330,215,Sep
1155,251,139,Oct
1155,208,65,Nov
1155,284,214,Dec
1156,153,76,Jan
1156,44,30,Feb
1156,41,23,Mar
1156,84,50,Apr
1156,46,9,May
1156,51,3,Jun
1156,382,382,Jul
1156,190,41,Aug
1156,397,261,Sep
1156,58,38,Oct
1156,274,215,Nov
1156,108,84,Dec
1157,21,18,Jan
1157,378,369,Feb
1157,275,191,Mar
1157,242,171,Apr
1157,75,64,May
1157,156,134,Jun
1157,108,90,Jul
1157,216,152,Aug
1157,394,307,Sep
1157,123,88,Oct
1157,223,119,Nov
1157,64,62,Dec
1158,267,251,Jan
1158,265,216,Feb
1158,231,138,Mar
1158,259,258,Apr
1158,137,9,May
1158,56,17,Jun
1158,361,291,Jul
1158,104,75,Aug
1158,377,232,Sep
1158,260,144,Oct
1158,81,42,Nov
1158,131,34,Dec
1159,282,169,Jan
1159,287,195,Feb
1159,363,309,Mar
1159,150,93,Apr
1159,26,24,May
1159,84,22,Jun
1159,301,173,Jul
1159,213,122,Aug
1159,274,185,Sep
1159,55,16,Oct
1159,388,323,Nov
1159,343,330,Dec
1160,264,233,Jan
1160,398,356,Feb
1160,77,47,Mar
1160,348,221,Apr
1160,90,52,May
1160,323,267,Jun
1160,282,134,Jul
1160,360,276,Aug
1160,67,53,Sep
1160,61,29,Oct
1160,103,97,Nov
1160,55,10,Dec
1161,168,54,Jan
1161,295,238,Feb
1161,37,23,Mar
1161,47,29,Apr
1161,379,336,May
1161,123,29,Jun
1161,391,356,Jul
1161,184,137,Aug
1161,50,35,Sep
1161,259,224,Oct
1161,83,22,Nov
1161,372,243,Dec
1162,25,18,Jan
1162,30,21,Feb
1162,167,138,Mar
1162,230,175,Apr
1162,267,142,May
1162,199,199,Jun
1162,176,71,Jul
1162,342,198,Aug
1162,86,19,Sep
1162,336,237,Oct
1162,242,130,Nov
1162,242,217,Dec
1163,313,178,Jan
1163,358,223,Feb
1163,271,175,Mar
1163,257,210,Apr
1163,189,167,May
1163,236,207,Jun
1163,20,8,Jul
1163,234,149,Aug
1163,313,222,Sep
1163,142,106,Oct
1163,57,10,Nov
1163,69,50,Dec
1164,104,53,Jan
1164,330,313,Feb
1164,24,9,Mar
1164,335,283,Apr
1164,123,1,May
1164,70,46,Jun
1164,241,169,Jul
1164,395,354,Aug
1164,133,123,Sep
1164,371,252,Oct
1164,293,194,Nov
1164,201,123,Dec
1165,215,147,Jan
1165,41,36,Feb
1165,63,52,Mar
1165,132,81,Apr
1165,377,334,May
1165,251,103,Jun
1165,191,164,Jul
1165,231,157,Aug
1165,147,140,Sep
1165,146,133,Oct
1165,119,33,Nov
1165,297,270,Dec
1166,364,352,Jan
1166,295,161,Feb
1166,161,89,Mar
1166,252,199,Apr
1166,281,166,May
1166,362,264,Jun
1166,351,331,Jul
1166,391,366,Aug
1166,386,311,Sep
1166,330,206,Oct
1166,98,15,Nov
1166,323,263,Dec
1167,184,159,Jan
1167,295,277,Feb
1167,269,174,Mar
1167,63,62,Apr
1167,174,172,May
1167,395,370,Jun
1167,94,42,Jul
1167,223,147,Aug
1167,332,207,Sep
1167,44,11,Oct
1167,340,304,Nov
1167,57,42,Dec
1168,161,92,Jan
1168,106,7,Feb
1168,258,254,Mar
1168,73,32,Apr
1168,340,218,May
1168,335,307,Jun
1168,205,55,Jul
1168,340,293,Aug
1168,381,283,Sep
1168,25,0,Oct
1168,173,121,Nov
1168,31,9,Dec
1169,26,8,Jan
1169,377,338,Feb
1169,58,44,Mar
1169,89,24,Apr
1169,339,265,May
1169,38,36,Jun
1169,158,34,Jul
1169,372,335,Aug
1169,38,7,Sep
1169,161,100,Oct
1169,51,38,Nov
1169,88,77,Dec
1170,389,323,Jan
1170,54,31,Feb
1170,375,326,Mar
1170,52,39,Apr
1170,209,158,May
1170,350,213,Jun
1170,151,31,Jul
1170,145,87,Aug
1170,214,86,Sep
1170,103,26,Oct
1170,308,205,Nov
1170,292,145,Dec
1171,314,258,Jan
1171,90,62,Feb
1171,104,86,Mar
1171,395,326,Apr
1171,278,194,May
1171,87,19,Jun
1171,286,219,Jul
1171,289,243,Aug
1171,109,33,Sep
1171,84,65,Oct
1171,196,185,Nov
1171,330,255,Dec
1172,55,47,Jan
1172,239,186,Feb
1172,189,150,Mar
1172,337,226,Apr
1172,135,129,May
1172,391,381,Jun
1172,242,152,Jul
1172,272,170,Aug
1172,255,135,Sep
1172,157,47,Oct
1172,278,222,Nov
1172,258,245,Dec
1173,55,37,Jan
1173,356,355,Feb
1173,354,347,Mar
1173,214,154,Apr
1173,231,160,May
1173,395,339,Jun
1173,304,154,Jul
1173,245,218,Aug
1173,175,121,Sep
1173,128,19,Oct
1173,50,32,Nov
1173,149,131,Dec
1174,376,254,Jan
1174,390,259,Feb
1174,271,246,Mar
1174,350,295,Apr
1174,215,181,May
1174,180,68,Jun
1174,140,85,Jul
1174,114,22,Aug
1174,331,305,Sep
1174,370,302,Oct
1174,221,155,Nov
1174,71,66,Dec
1175,116,112,Jan
1175,225,200,Feb
1175,311,222,Mar
1175,47,4,Apr
1175,46,43,May
1175,92,7,Jun
1175,80,53,Jul
1175,247,193,Aug
1175,345,220,Sep
1175,211,112,Oct
1175,398,329,Nov
1175,317,170,Dec
1176,342,265,Jan
1176,369,336,Feb
1176,277,258,Mar
1176,372,265,Apr
1176,102,45,May
1176,186,172,Jun
1176,375,266,Jul
1176,262,214,Aug
1176,210,71,Sep
1176,229,103,Oct
1176,280,191,Nov
1176,78,1,Dec
1177,256,155,Jan
1177,280,143,Feb
1177,207,159,Mar
1177,93,43,Apr
1177,195,163,May
1177,188,101,Jun
1177,276,216,Jul
1177,320,259,Aug
1177,241,99,Sep
1177,153,87,Oct
1177,122,97,Nov
1177,92,31,Dec
1178,261,247,Jan
1178,211,86,Feb
1178,75,75,Mar
1178,42,27,Apr
1178,144,109,May
1178,302,278,Jun
1178,70,47,Jul
1178,312,286,Aug
1178,267,180,Sep
1178,86,69,Oct
1178,253,229,Nov
1178,364,225,Dec
1179,160,121,Jan
1179,339,220,Feb
1179,328,268,Mar
1179,83,29,Apr
1179,128,114,May
1179,105,14,Jun
1179,203,136,Jul
1179,249,194,Aug
1179,232,156,Sep
1179,275,228,Oct
1179,297,292,Nov
1179,55,40,Dec
1180,31,22,Jan
1180,351,232,Feb
1180,269,148,Mar
1180,347,244,Apr
1180,33,15,May
1180,338,200,Jun
1180,232,132,Jul
1180,125,85,Aug
1180,149,136,Sep
1180,290,147,Oct
1180,37,5,Nov
1180,102,40,Dec
1181,246,215,Jan
1181,38,15,Feb
1181,355,282,Mar
1181,322,200,Apr
1181,305,229,May
1181,305,169,Jun
1181,260,123,Jul
1181,357,221,Aug
1181,245,235,Sep
1181,161,155,Oct
1181,136,27,Nov
1181,110,83,Dec
1182,130,34,Jan
1182,355,245,Feb
1182,39,22,Mar
1182,364,218,Apr
1182,98,75,May
1182,391,332,Jun
1182,329,274,Jul
1182,385,372,Aug
1182,71,71,Sep
1182,369,293,Oct
1182,101,8,Nov
1182,47,28,Dec
1183,101,65,Jan
1183,30,0,Feb
1183,376,280,Mar
1183,115,45,Apr
1183,158,77,May
1183,384,373,Jun
1183,166,59,Jul
1183,253,226,Aug
1183,358,353,Sep
1183,399,343,Oct
1183,104,50,Nov
1183,36,19,Dec
1184,105,48,Jan
1184,109,93,Feb
1184,369,315,Mar
1184,142,81,Apr
1184,145,131,May
1184,286,165,Jun
1184,255,142,Jul
1184,60,24,Aug
1184,259,224,Sep
1184,195,101,Oct
1184,309,237,Nov
1184,23,1,Dec
1185,192,150,Jan
1185,183,97,Feb
1185,58,2,Mar
1185,143,19,Apr
1185,296,258,May
1185,374,280,Jun
1185,220,102,Jul
1185,323,281,Aug
1185,23,18,Sep
1185,279,138,Oct
1185,120,57,Nov
1185,81,68,Dec
1186,74,63,Jan
1186,244,176,Feb
1186,151,96,Mar
1186,278,137,Apr
1186,27,0,May
1186,297,279,Jun
1186,34,30,Jul
1186,369,339,Aug
1186,399,287,Sep
1186,36,34,Oct
1186,323,201,Nov
1186,392,296,Dec
1187,251,184,Jan
1187,280,263,Feb
1187,314,183,Mar
1187,145,119,Apr
1187,48,12,May
1187,330,218,Jun
1187,314,313,Jul
1187,237,127,Aug
1187,159,42,Sep
1187,343,323,Oct
1187,259,194,Nov
1187,160,44,Dec
1188,22,22,Jan
1188,362,314,Feb
1188,370,264,Mar
1188,147,95,Apr
1188,79,7,May
1188,349,295,Jun
1188,152,58,Jul
1188,369,363,Aug
1188,369,283,Sep
1188,126,13,Oct
1188,218,151,Nov
1188,74,50,Dec
1189,155,133,Jan
1189,122,96,Feb
1189,37,32,Mar
1189,302,205,Apr
1189,83,34,May
1189,215,111,Jun
1189,147,91,Jul
1189,128,75,Aug
1189,260,127,Sep
1189,70,65,Oct
1189,384,240,Nov
1189,365,353,Dec
1190,286,237,Jan
1190,359,236,Feb
1190,143,50,Mar
1190,194,60,Apr
1190,385,291,May
1190,387,257,Jun
1190,103,3,Jul
1190,50,38,Aug
1190,229,223,Sep
1190,80,63,Oct
1190,238,162,Nov
1190,283,232,Dec
1191,116,5,Jan
1191,222,84,Feb
1191,381,285,Mar
1191,192,74,Apr
1191,396,347,May
1191,155,114,Jun
1191,188,142,Jul
1191,243,93,Aug
1191,167,56,Sep
1191,100,40,Oct
1191,373,335,Nov
1191,316,268,Dec
1192,237,150,Jan
1192,46,32,Feb
1192,164,113,Mar
1192,336,206,Apr
1192,208,125,May
1192,284,215,Jun
1192,26,9,Jul
1192,31,28,Aug
1192,255,182,Sep
1192,392,311,Oct
1192,304,172,Nov
1192,217,122,Dec
1193,130,43,Jan
1193,26,14,Feb
1193,263,152,Mar
1193,386,358,Apr
1193,126,126,May
1193,197,180,Jun
1193,181,104,Jul
1193,363,271,Aug
1193,261,134,Sep
1193,223,175,Oct
1193,318,245,Nov
1193,351,316,Dec
1194,237,124,Jan
1194,165,46,Feb
1194,294,172,Mar
1194,307,177,Apr
1194,258,132,May
1194,99,17,Jun
1194,162,38,Jul
1194,126,40,Aug
1194,271,157,Sep
1194,171,102,Oct
1194,152,18,Nov
1194,140,90,Dec
1195,172,47,Jan
1195,365,264,Feb
1195,348,300,Mar
1195,244,197,Apr
1195,259,258,May
1195,380,324,Jun
1195,71,33,Jul
1195,39,25,Aug
1195,360,238,Sep
1195,43,38,Oct
1195,320,200,Nov
1195,198,86,Dec
1196,174,100,Jan
1196,166,56,Feb
1196,69,58,Mar
1196,230,118,Apr
1196,256,226,May
1196,74,51,Jun
1196,363,348,Jul
1196,207,131,Aug
1196,343,311,Sep
1196,329,323,Oct
1196,86,24,Nov
1196,142,140,Dec
1197,400,336,Jan
1197,211,111,Feb
1197,356,292,Mar
1197,310,177,Apr
1197,160,88,May
1197,229,121,Jun
1197,363,226,Jul
1197,106,30,Aug
1197,375,297,Sep
1197,227,151,Oct
1197,145,145,Nov
1197,297,164,Dec
1198,148,87,Jan
1198,255,132,Feb
1198,259,136,Mar
1198,301,175,Apr
1198,341,334,May
1198,69,11,Jun
1198,118,112,Jul
1198,333,264,Aug
1198,23,0,Sep
1198,152,100,Oct
1198,36,23,Nov
1198,62,54,Dec
1199,135,56,Jan
1199,264,233,Feb
1199,314,182,Mar
1199,202,202,Apr
1199,134,41,May
1199,172,99,Jun
1199,228,114,Jul
1199,169,69,Aug
1199,396,361,Sep
1199,254,175,Oct
1199,48,17,Nov
1199,316,295,Dec
1200,322,319,Jan
1200,159,133,Feb
1200,327,198,Mar
1200,355,223,Apr
1200,220,125,May
1200,374,331,Jun
1200,95,38,Jul
1200,348,302,Aug
1200,136,38,Sep
1200,191,45,Oct
1200,103,82,Nov
1200,227,101,Dec
1201,326,202,Jan
1201,275,141,Feb
1201,279,148,Mar
1201,243,220,Apr
1201,56,2,May
1201,69,38,Jun
1201,260,191,Jul
1201,150,7,Aug
1201,130,57,Sep
1201,167,78,Oct
1201,309,226,Nov
1201,160,26,Dec
1202,261,193,Jan
1202,68,62,Feb
1202,127,69,Mar
1202,284,134,Apr
1202,34,25,May
1202,74,43,Jun
1202,50,49,Jul
1202,272,207,Aug
1202,63,19,Sep
1202,112,6,Oct
1202,84,14,Nov
1202,186,146,Dec
1203,291,159,Jan
1203,130,72,Feb
1203,214,192,Mar
1203,102,17,Apr
1203,43,4,May
1203,78,49,Jun
1203,387,277,Jul
1203,363,279,Aug
1203,268,217,Sep
1203,51,45,Oct
1203,263,169,Nov
1203,390,262,Dec
1204,112,14,Jan
1204,242,168,Feb
1204,81,20,Mar
1204,246,213,Apr
1204,241,162,May
1204,118,4,Jun
1204,94,63,Jul
1204,372,279,Aug
1204,347,315,Sep
1204,356,272,Oct
1204,157,39,Nov
1204,231,221,Dec
1205,50,34,Jan
1205,116,25,Feb
1205,242,232,Mar
1205,252,113,Apr
1205,178,95,May
1205,117,42,Jun
1205,235,194,Jul
1205,312,279,Aug
1205,30,7,Sep
1205,23,8,Oct
1205,277,127,Nov
1205,193,135,Dec
1206,313,239,Jan
1206,354,303,Feb
1206,162,104,Mar
1206,295,294,Apr
1206,262,221,May
1206,288,196,Jun
1206,240,132,Jul
1206,190,174,Aug
1206,247,132,Sep
1206,210,91,Oct
1206,132,44,Nov
1206,142,84,Dec
1207,209,186,Jan
1207,393,314,Feb
1207,55,36,Mar
1207,111,57,Apr
1207,187,93,May
1207,256,174,Jun
1207,179,121,Jul
1207,394,244,Aug
1207,298,226,Sep
1207,137,116,Oct
1207,250,246,Nov
1207,299,260,Dec
1208,217,132,Jan
1208,353,328,Feb
1208,76,6,Mar
1208,71,58,Apr
1208,214,149,May
1208,345,337,Jun
1208,199,139,Jul
1208,163,46,Aug
1208,111,20,Sep
1208,225,204,Oct
1208,57,57,Nov
1208,131,13,Dec
1209,194,153,Jan
1209,227,214,Feb
1209,149,67,Mar
1209,332,316,Apr
1209,223,216,May
1209,228,95,Jun
1209,93,3,Jul
1209,398,318,Aug
1209,225,135,Sep
1209,238,163,Oct
1209,223,89,Nov
1209,320,260,Dec
1210,225,198,Jan
1210,383,287,Feb
1210,78,28,Mar
1210,59,13,Apr
1210,108,34,May
1210,128,88,Jun
1210,159,110,Jul
1210,250,132,Aug
1210,80,74,Sep
1210,312,308,Oct
1210,369,287,Nov
1210,352,213,Dec
1211,261,115,Jan
1211,327,299,Feb
1211,295,174,Mar
1211,342,245,Apr
1211,30,20,May
1211,108,43,Jun
1211,363,339,Jul
1211,339,308,Aug
1211,56,40,Sep
1211,122,22,Oct
1211,360,339,Nov
1211,196,148,Dec
1212,386,296,Jan
1212,368,229,Feb
1212,393,373,Mar
1212,154,18,Apr
1212,253,140,May
1212,140,135,Jun
1212,268,187,Jul
1212,267,263,Aug
1212,89,27,Sep
1212,224,81,Oct
1212,339,275,Nov
1212,330,291,Dec
1213,246,134,Jan
1213,42,9,Feb
1213,129,40,Mar
1213,163,43,Apr
1213,94,41,May
1213,191,145,Jun
1213,348,300,Jul
1213,179,42,Aug
1213,235,180,Sep
1213,86,37,Oct
1213,118,62,Nov
1213,75,60,Dec
1214,267,175,Jan
1214,200,188,Feb
1214,245,121,Mar
1214,331,308,Apr
1214,298,257,May
1214,59,38,Jun
1214,135,54,Jul
1214,191,122,Aug
1214,198,135,Sep
1214,100,81,Oct
1214,110,66,Nov
1214,32,25,Dec
1215,200,140,Jan
1215,20,9,Feb
1215,310,244,Mar
1215,75,9,Apr
1215,151,68,May
1215,148,5,Jun
1215,187,170,Jul
1215,277,180,Aug
1215,37,2,Sep
1215,102,43,Oct
1215,246,195,Nov
1215,255,128,Dec
1216,86,50,Jan
1216,396,325,Feb
1216,125,85,Mar
1216,391,322,Apr
1216,113,95,May
1216,355,233,Jun
1216,260,253,Jul
1216,348,331,Aug
1216,378,247,Sep
1216,363,218,Oct
1216,286,200,Nov
1216,257,209,Dec
1217,124,106,Jan
1217,50,19,Feb
1217,183,113,Mar
1217,145,66,Apr
1217,154,138,May
1217,184,78,Jun
1217,235,227,Jul
1217,78,44,Aug
1217,89,39,Sep
1217,320,184,Oct
1217,39,37,Nov
1217,367,230,Dec
1218,38,24,Jan
1218,299,275,Feb
1218,348,232,Mar
1218,117,69,Apr
1218,280,180,May
1218,164,154,Jun
1218,132,79,Jul
1218,250,133,Aug
1218,77,39,Sep
1218,148,141,Oct
1218,211,197,Nov
1218,36,22,Dec
1219,212,195,Jan
1219,243,232,Feb
1219,141,63,Mar
1219,219,208,Apr
1219,41,40,May
1219,216,117,Jun
1219,296,192,Jul
1219,123,103,Aug
1219,363,324,Sep
1219,363,292,Oct
1219,144,6,Nov
1219,261,177,Dec
1220,74,36,Jan
1220,331,303,Feb
1220,31,17,Mar
1220,273,156,Apr
1220,267,180,May
1220,286,168,Jun
1220,340,227,Jul
1220,43,27,Aug
1220,266,168,Sep
1220,375,270,Oct
1220,331,199,Nov
1220,184,105,Dec
1221,99,50,Jan
1221,31,14,Feb
1221,162,133,Mar
1221,260,243,Apr
1221,131,120,May
1221,55,29,Jun
1221,204,101,Jul
1221,315,315,Aug
1221,82,22,Sep
1221,53,11,Oct
1221,205,185,Nov
1221,203,178,Dec
1222,262,210,Jan
1222,96,61,Feb
1222,24,8,Mar
1222,170,66,Apr
1222,341,292,May
1222,372,334,Jun
1222,263,219,Jul
1222,85,3,Aug
1222,65,13,Sep
1222,21,10,Oct
1222,370,267,Nov
1222,212,156,Dec
1223,104,30,Jan
1223,359,243,Feb
1223,185,160,Mar
1223,77,70,Apr
1223,132,114,May
1223,204,115,Jun
1223,359,234,Jul
1223,227,125,Aug
1223,356,300,Sep
1223,400,379,Oct
1223,139,96,Nov
1223,392,336,Dec
1224,299,297,Jan
1224,109,21,Feb
1224,352,254,Mar
1224,107,63,Apr
1224,318,240,May
1224,357,348,Jun
1224,242,228,Jul
1224,394,264,Aug
1224,183,146,Sep
1224,214,105,Oct
1224,388,313,Nov
1224,275,262,Dec
1225,331,220,Jan
1225,240,129,Feb
1225,196,132,Mar
1225,296,187,Apr
1225,300,156,May
1225,189,156,Jun
1225,347,209,Jul
1225,100,3,Aug
1225,183,155,Sep
1225,383,317,Oct
1225,316,265,Nov
1225,297,256,Dec
1226,142,142,Jan
1226,66,33,Feb
1226,376,231,Mar
1226,63,17,Apr
1226,205,143,May
1226,282,264,Jun
1226,46,19,Jul
1226,110,106,Aug
1226,148,107,Sep
1226,211,194,Oct
1226,367,235,Nov
1226,114,11,Dec
1227,197,67,Jan
1227,43,39,Feb
1227,95,11,Mar
1227,170,109,Apr
1227,333,258,May
1227,185,119,Jun
1227,100,74,Jul
1227,84,84,Aug
1227,88,46,Sep
1227,160,92,Oct
1227,276,168,Nov
1227,188,121,Dec
1228,252,168,Jan
1228,98,70,Feb
1228,34,4,Mar
1228,121,47,Apr
1228,189,45,May
1228,117,117,Jun
1228,35,14,Jul
1228,372,287,Aug
1228,89,85,Sep
1228,187,159,Oct
1228,193,109,Nov
1228,387,366,Dec
1229,237,179,Jan
1229,197,141,Feb
1229,396,253,Mar
1229,120,73,Apr
1229,323,234,May
1229,282,256,Jun
1229,120,100,Jul
1229,192,178,Aug
1229,286,250,Sep
1229,121,69,Oct
1229,279,190,Nov
1229,393,251,Dec
1230,243,129,Jan
1230,42,20,Feb
1230,36,23,Mar
1230,389,279,Apr
1230,82,26,May
1230,59,54,Jun
1230,208,204,Jul
1230,190,90,Aug
1230,51,7,Sep
1230,327,281,Oct
1230,361,317,Nov
1230,172,34,Dec
1231,233,232,Jan
1231,170,44,Feb
1231,29,25,Mar
1231,396,309,Apr
1231,291,282,May
1231,78,37,Jun
1231,296,271,Jul
1231,39,14,Aug
1231,30,8,Sep
1231,232,124,Oct
1231,87,46,Nov
1231,280,177,Dec
1232,309,281,Jan
1232,198,189,Feb
1232,45,38,Mar
1232,123,46,Apr
1232,40,12,May
1232,373,337,Jun
1232,176,89,Jul
1232,340,198,Aug
1232,90,18,Sep
1232,63,53,Oct
1232,286,198,Nov
1232,186,176,Dec
1233,153,11,Jan
1233,262,243,Feb
1233,382,354,Mar
1233,39,13,Apr
1233,53,1,May
1233,121,28,Jun
1233,142,89,Jul
1233,273,207,Aug
1233,328,239,Sep
1233,211,137,Oct
1233,65,55,Nov
1233,312,218,Dec
1234,176,101,Jan
1234,49,36,Feb
1234,374,355,Mar
1234,54,4,Apr
1234,240,96,May
1234,314,174,Jun
1234,309,236,Jul
1234,111,58,Aug
1234,365,224,Sep
1234,238,207,Oct
1234,328,296,Nov
1234,337,255,Dec
1235,69,0,Jan
1235,62,37,Feb
1235,24,1,Mar
1235,336,301,Apr
1235,59,51,May
1235,46,13,Jun
1235,348,207,Jul
1235,378,254,Aug
1235,49,9,Sep
1235,106,93,Oct
1235,35,7,Nov
1235,278,232,Dec
1236,174,106,Jan
1236,396,350,Feb
1236,27,26,Mar
1236,324,198,Apr
1236,97,3,May
1236,325,205,Jun
1236,21,12,Jul
1236,331,229,Aug
1236,303,280,Sep
1236,349,279,Oct
1236,109,31,Nov
1236,28,4,Dec
1237,274,253,Jan
1237,229,228,Feb
1237,335,225,Mar
1237,178,76,Apr
1237,20,16,May
1237,196,64,Jun
1237,192,57,Jul
1237,119,61,Aug
1237,175,110,Sep
1237,259,202,Oct
1237,85,71,Nov
1237,107,105,Dec
1238,272,269,Jan
1238,211,112,Feb
1238,96,51,Mar
1238,96,37,Apr
1238,153,89,May
1238,328,326,Jun
1238,67,29,Jul
1238,213,119,Aug
1238,300,228,Sep
1238,246,121,Oct
1238,368,351,Nov
1238,340,273,Dec
1239,78,42,Jan
1239,147,101,Feb
1239,137,74,Mar
1239,392,299,Apr
1239,299,160,May
1239,112,87,Jun
1239,77,44,Jul
1239,301,179,Aug
1239,164,37,Sep
1239,24,23,Oct
1239,259,184,Nov
1239,275,151,Dec
1240,234,196,Jan
1240,161,13,Feb
1240,237,94,Mar
1240,280,172,Apr
1240,49,5,May
1240,390,327,Jun
1240,173,104,Jul
1240,223,171,Aug
1240,344,333,Sep
1240,104,62,Oct
1240,123,45,Nov
1240,104,86,Dec
1241,365,312,Jan
1241,381,253,Feb
1241,387,251,Mar
1241,28,23,Apr
1241,374,347,May
1241,104,50,Jun
1241,354,350,Jul
1241,257,171,Aug
1241,27,23,Sep
1241,233,206,Oct
1241,163,124,Nov
1241,261,250,Dec
1242,212,72,Jan
1242,373,347,Feb
1242,394,255,Mar
1242,108,3,Apr
1242,42,23,May
1242,73,67,Jun
1242,107,90,Jul
1242,101,81,Aug
1242,397,383,Sep
1242,234,136,Oct
1242,173,147,Nov
1242,247,231,Dec
1243,353,235,Jan
1243,286,170,Feb
1243,200,54,Mar
1243,73,1,Apr
1243,30,30,May
1243,121,70,Jun
1243,252,172,Jul
1243,334,332,Aug
1243,85,26,Sep
1243,394,331,Oct
1243,375,326,Nov
1243,29,28,Dec
1244,307,159,Jan
1244,37,1,Feb
1244,59,17,Mar
1244,36,12,Apr
1244,167,133,May
1244,65,35,Jun
1244,54,15,Jul
1244,92,19,Aug
1244,144,105,Sep
1244,126,25,Oct
1244,83,44,Nov
1244,179,177,Dec
1245,307,218,Jan
1245,164,44,Feb
1245,45,35,Mar
1245,371,232,Apr
1245,237,226,May
1245,298,226,Jun
1245,36,26,Jul
1245,271,125,Aug
1245,280,253,Sep
1245,108,1,Oct
1245,130,34,Nov
1245,314,193,Dec
1246,77,9,Jan
1246,172,79,Feb
1246,32,18,Mar
1246,53,48,Apr
1246,48,45,May
1246,209,60,Jun
1246,221,143,Jul
1246,54,3,Aug
1246,155,100,Sep
1246,352,271,Oct
1246,215,178,Nov
1246,78,7,Dec
1247,375,278,Jan
1247,54,48,Feb
1247,230,106,Mar
1247,296,200,Apr
1247,158,23,May
1247,176,99,Jun
1247,306,277,Jul
1247,58,12,Aug
1247,357,296,Sep
1247,164,52,Oct
1247,63,0,Nov
1247,260,196,Dec
1248,239,164,Jan
1248,321,249,Feb
1248,381,336,Mar
1248,138,16,Apr
1248,70,15,May
1248,376,328,Jun
1248,162,27,Jul
1248,185,70,Aug
1248,296,249,Sep
1248,325,288,Oct
1248,223,191,Nov
1248,251,130,Dec
1249,38,20,Jan
1249,240,152,Feb
1249,191,57,Mar
1249,367,329,Apr
1249,245,197,May
1249,316,293,Jun
1249,117,106,Jul
1249,225,205,Aug
1249,115,49,Sep
1249,254,131,Oct
1249,283,201,Nov
1249,222,89,Dec
1250,162,123,Jan
1250,232,174,Feb
1250,192,56,Mar
1250,81,25,Apr
1250,85,59,May
1250,39,5,Jun
1250,355,293,Jul
1250,349,347,Aug
1250,243,114,Sep
1250,61,33,Oct
1250,263,202,Nov
1250,168,86,Dec
1251,279,160,Jan
1251,59,52,Feb
1251,241,121,Mar
1251,157,7,Apr
1251,195,171,May
1251,103,52,Jun
1251,271,253,Jul
1251,60,45,Aug
1251,120,68,Sep
1251,147,81,Oct
1251,39,20,Nov
1251,352,316,Dec
1252,68,41,Jan
1252,74,44,Feb
1252,74,69,Mar
1252,51,11,Apr
1252,151,77,May
1252,311,265,Jun
1252,85,7,Jul
1252,366,330,Aug
1252,83,76,Sep
1252,326,298,Oct
1252,132,98,Nov
1252,23,16,Dec
1253,196,47,Jan
1253,307,164,Feb
1253,301,250,Mar
1253,113,101,Apr
1253,50,9,May
1253,316,178,Jun
1253,299,160,Jul
1253,75,58,Aug
1253,86,58,Sep
1253,342,295,Oct
1253,231,159,Nov
1253,89,69,Dec
1254,223,86,Jan
1254,318,204,Feb
1254,284,144,Mar
1254,177,69,Apr
1254,202,158,May
1254,198,56,Jun
1254,37,21,Jul
1254,22,12,Aug
1254,102,0,Sep
1254,82,39,Oct
1254,318,262,Nov
1254,147,11,Dec
1255,47,18,Jan
1255,159,95,Feb
1255,225,120,Mar
1255,158,49,Apr
1255,139,36,May
1255,138,9,Jun
1255,137,132,Jul
1255,328,245,Aug
1255,382,319,Sep
1255,40,17,Oct
1255,118,82,Nov
1255,196,148,Dec
1256,280,187,Jan
1256,155,121,Feb
1256,302,176,Mar
1256,147,105,Apr
1256,165,79,May
1256,62,37,Jun
1256,170,158,Jul
1256,251,184,Aug
1256,75,33,Sep
1256,126,72,Oct
1256,157,9,Nov
1256,113,93,Dec
1257,117,56,Jan
1257,342,328,Feb
1257,341,252,Mar
1257,55,50,Apr
1257,287,155,May
1257,398,272,Jun
1257,255,139,Jul
1257,111,79,Aug
1257,171,115,Sep
1257,41,4,Oct
1257,286,176,Nov
1257,117,74,Dec
1258,393,361,Jan
1258,121,103,Feb
1258,359,350,Mar
1258,272,202,Apr
1258,400,284,May
1258,184,158,Jun
1258,33,33,Jul
1258,84,19,Aug
1258,311,271,Sep
1258,73,11,Oct
1258,237,212,Nov
1258,322,278,Dec
1259,317,207,Jan
1259,149,29,Feb
1259,27,0,Mar
1259,160,90,Apr
1259,205,59,May
1259,263,240,Jun
1259,92,57,Jul
1259,337,310,Aug
1259,117,36,Sep
1259,121,38,Oct
1259,198,48,Nov
1259,78,62,Dec
1260,186,111,Jan
1260,191,156,Feb
1260,270,157,Mar
1260,400,394,Apr
1260,167,87,May
1260,170,84,Jun
1260,302,255,Jul
1260,353,229,Aug
1260,262,174,Sep
1260,277,132,Oct
1260,266,170,Nov
1260,166,131,Dec
1261,85,67,Jan
1261,276,188,Feb
1261,116,48,Mar
1261,225,153,Apr
1261,239,116,May
1261,45,16,Jun
1261,91,10,Jul
1261,362,242,Aug
1261,184,76,Sep
1261,69,6,Oct
1261,209,129,Nov
1261,328,296,Dec
1262,110,3,Jan
1262,278,138,Feb
1262,304,213,Mar
1262,357,289,Apr
1262,232,229,May
1262,180,112,Jun
1262,173,44,Jul
1262,273,248,Aug
1262,377,276,Sep
1262,106,16,Oct
1262,367,311,Nov
1262,373,299,Dec
1263,105,32,Jan
1263,310,221,Feb
1263,103,54,Mar
1263,132,129,Apr
1263,378,367,May
1263,62,7,Jun
1263,55,9,Jul
1263,201,56,Aug
1263,96,56,Sep
1263,187,174,Oct
1263,225,194,Nov
1263,341,285,Dec
1264,300,276,Jan
1264,55,14,Feb
1264,212,129,Mar
1264,395,287,Apr
1264,259,148,May
1264,256,177,Jun
1264,231,225,Jul
1264,364,235,Aug
1264,42,25,Sep
1264,201,56,Oct
1264,201,199,Nov
1264,34,12,Dec
1265,115,90,Jan
1265,268,133,Feb
1265,56,14,Mar
1265,76,38,Apr
1265,398,277,May
1265,268,223,Jun
1265,397,354,Jul
1265,317,256,Aug
1265,354,235,Sep
1265,240,115,Oct
1265,223,220,Nov
1265,219,219,Dec
1266,136,71,Jan
1266,252,150,Feb
1266,46,19,Mar
1266,81,66,Apr
1266,174,72,May
1266,276,229,Jun
1266,36,7,Jul
1266,240,141,Aug
1266,286,170,Sep
1266,120,8,Oct
1266,78,52,Nov
1266,50,23,Dec
1267,238,136,Jan
1267,325,315,Feb
1267,351,280,Mar
1267,123,7,Apr
1267,381,254,May
1267,316,279,Jun
1267,288,224,Jul
1267,366,262,Aug
1267,131,105,Sep
1267,317,216,Oct
1267,388,365,Nov
1267,388,265,Dec
1268,112,11,Jan
1268,116,84,Feb
1268,265,130,Mar
1268,281,170,Apr
1268,368,284,May
1268,387,271,Jun
1268,82,50,Jul
1268,329,228,Aug
1268,247,247,Sep
1268,140,100,Oct
1268,71,51,Nov
1268,189,158,Dec
1269,241,107,Jan
1269,268,221,Feb
1269,326,261,Mar
1269,61,21,Apr
1269,287,252,May
1269,392,300,Jun
1269,130,82,Jul
1269,297,290,Aug
1269,116,30,Sep
1269,239,128,Oct
1269,325,247,Nov
1269,90,73,Dec
1270,181,33,Jan
1270,339,246,Feb
1270,82,1,Mar
1270,118,15,Apr
1270,366,279,May
1270,236,214,Jun
1270,100,98,Jul
1270,281,170,Aug
1270,212,202,Sep
1270,304,256,Oct
1270,395,279,Nov
1270,231,176,Dec
1271,365,308,Jan
1271,262,116,Feb
1271,132,40,Mar
1271,215,208,Apr
1271,173,99,May
1271,246,202,Jun
1271,89,64,Jul
1271,99,15,Aug
1271,105,31,Sep
1271,236,177,Oct
1271,392,274,Nov
1271,381,234,Dec
1272,208,117,Jan
1272,214,115,Feb
1272,105,89,Mar
1272,224,172,Apr
1272,391,303,May
1272,155,128,Jun
1272,143,50,Jul
1272,386,269,Aug
1272,290,249,Sep
1272,230,211,Oct
1272,355,215,Nov
1272,121,81,Dec
1273,377,250,Jan
1273,348,205,Feb
1273,260,205,Mar
1273,153,89,Apr
1273,131,13,May
1273,192,58,Jun
1273,274,157,Jul
1273,330,317,Aug
1273,364,266,Sep
1273,61,4,Oct
1273,205,94,Nov
1273,395,391,Dec
1274,27,15,Jan
1274,26,19,Feb
1274,342,270,Mar
1274,39,6,Apr
1274,307,175,May
1274,153,73,Jun
1274,302,196,Jul
1274,275,182,Aug
1274,313,167,Sep
1274,308,170,Oct
1274,24,15,Nov
1274,93,27,Dec
1275,34,31,Jan
1275,266,252,Feb
1275,246,125,Mar
1275,223,189,Apr
1275,71,56,May
1275,29,6,Jun
1275,297,277,Jul
1275,316,316,Aug
1275,231,149,Sep
1275,336,237,Oct
1275,255,121,Nov
1275,290,186,Dec
1276,147,1,Jan
1276,334,310,Feb
1276,60,9,Mar
1276,99,29,Apr
1276,85,3,May
1276,304,261,Jun
1276,40,6,Jul
1276,359,225,Aug
1276,86,70,Sep
1276,243,113,Oct
1276,24,18,Nov
1276,376,350,Dec
1277,28,8,Jan
1277,354,270,Feb
1277,294,290,Mar
1277,168,84,Apr
1277,396,280,May
1277,282,239,Jun
1277,194,143,Jul
1277,212,62,Aug
1277,325,253,Sep
1277,328,252,Oct
1277,396,339,Nov
1277,207,176,Dec
1278,392,350,Jan
1278,44,1,Feb
1278,299,164,Mar
1278,377,258,Apr
1278,52,23,May
1278,394,250,Jun
1278,46,30,Jul
1278,124,84,Aug
1278,121,12,Sep
1278,135,120,Oct
1278,230,196,Nov
1278,39,38,Dec
1279,185,104,Jan
1279,181,152,Feb
1279,317,245,Mar
1279,215,162,Apr
1279,199,163,May
1279,32,32,Jun
1279,86,74,Jul
1279,196,183,Aug
1279,125,50,Sep
1279,395,311,Oct
1279,341,194,Nov
1279,317,287,Dec
1280,360,249,Jan
1280,237,108,Feb
1280,134,29,Mar
1280,147,12,Apr
1280,387,242,May
1280,396,327,Jun
1280,136,122,Jul
1280,281,198,Aug
1280,290,236,Sep
1280,49,24,Oct
1280,158,21,Nov
1280,60,18,Dec
1281,285,264,Jan
1281,99,4,Feb
1281,245,236,Mar
1281,124,51,Apr
1281,127,43,May
1281,307,284,Jun
1281,400,279,Jul
1281,161,115,Aug
1281,292,149,Sep
1281,324,260,Oct
1281,218,193,Nov
1281,164,42,Dec
1282,385,375,Jan
1282,280,171,Feb
1282,47,4,Mar
1282,56,50,Apr
1282,305,162,May
1282,39,38,Jun
1282,178,148,Jul
1282,25,13,Aug
1282,327,312,Sep
1282,32,23,Oct
1282,232,202,Nov
1282,380,265,Dec
1283,223,184,Jan
1283,169,141,Feb
1283,311,190,Mar
1283,163,86,Apr
1283,147,26,May
1283,291,145,Jun
1283,46,7,Jul
1283,147,111,Aug
1283,371,347,Sep
1283,288,235,Oct
1283,198,176,Nov
1283,254,242,Dec
1284,185,156,Jan
1284,116,88,Feb
1284,362,244,Mar
1284,174,99,Apr
1284,86,65,May
1284,187,52,Jun
1284,74,4,Jul
1284,147,44,Aug
1284,78,67,Sep
1284,309,286,Oct
1284,265,259,Nov
1284,338,289,Dec
1285,275,156,Jan
1285,97,33,Feb
1285,178,123,Mar
1285,100,54,Apr
1285,191,191,May
1285,124,92,Jun
1285,392,317,Jul
1285,121,32,Aug
1285,44,34,Sep
1285,201,124,Oct
1285,31,24,Nov
1285,265,153,Dec
1286,22,22,Jan
1286,389,281,Feb
1286,82,42,Mar
1286,313,195,Apr
1286,184,184,May
1286,285,214,Jun
1286,72,35,Jul
1286,94,16,Aug
1286,218,182,Sep
1286,218,75,Oct
1286,198,67,Nov
1286,165,48,Dec
1287,194,116,Jan
1287,335,227,Feb
1287,266,170,Mar
1287,270,181,Apr
1287,290,194,May
1287,21,8,Jun
1287,213,109,Jul
1287,109,92,Aug
1287,287,186,Sep
1287,98,41,Oct
1287,343,270,Nov
1287,76,25,Dec
1288,72,12,Jan
1288,91,44,Feb
1288,303,223,Mar
1288,155,121,Apr
1288,349,345,May
1288,356,246,Jun
1288,332,301,Jul
1288,143,12,Aug
1288,298,210,Sep
1288,55,28,Oct
1288,23,9,Nov
1288,167,56,Dec
1289,50,10,Jan
1289,72,13,Feb
1289,200,168,Mar
1289,296,239,Apr
1289,299,254,May
1289,317,313,Jun
1289,219,130,Jul
1289,169,120,Aug
1289,129,104,Sep
1289,320,289,Oct
1289,153,134,Nov
1289,292,229,Dec
1290,139,23,Jan
1290,197,87,Feb
1290,95,39,Mar
1290,118,1,Apr
1290,93,74,May
1290,311,220,Jun
1290,123,98,Jul
1290,217,198,Aug
1290,93,73,Sep
1290,251,249,Oct
1290,298,200,Nov
1290,286,263,Dec
1291,253,182,Jan
1291,318,298,Feb
1291,21,9,Mar
1291,259,151,Apr
1291,260,139,May
1291,284,211,Jun
1291,280,138,Jul
1291,227,175,Aug
1291,155,148,Sep
1291,94,52,Oct
1291,157,153,Nov
1291,184,135,Dec
1292,227,134,Jan
1292,125,31,Feb
1292,35,10,Mar
1292,99,82,Apr
1292,339,244,May
1292,359,258,Jun
1292,96,90,Jul
1292,263,177,Aug
1292,165,89,Sep
1292,206,126,Oct
1292,361,314,Nov
1292,42,23,Dec
1293,264,153,Jan
1293,308,257,Feb
1293,325,232,Mar
1293,367,323,Apr
1293,125,121,May
1293,121,79,Jun
1293,244,213,Jul
1293,238,91,Aug
1293,42,35,Sep
1293,170,44,Oct
1293,161,32,Nov
1293,383,289,Dec
1294,68,22,Jan
1294,206,62,Feb
1294,254,180,Mar
1294,316,196,Apr
1294,101,95,May
1294,177,52,Jun
1294,127,71,Jul
1294,73,7,Aug
1294,155,154,Sep
1294,62,5,Oct
1294,228,171,Nov
1294,244,227,Dec
1295,398,363,Jan
1295,307,200,Feb
1295,196,143,Mar
1295,174,115,Apr
1295,152,119,May
1295,80,27,Jun
1295,215,208,Jul
1295,349,203,Aug
1295,44,24,Sep
1295,145,10,Oct
1295,176,158,Nov
1295,227,160,Dec
1296,127,49,Jan
1296,259,180,Feb
1296,95,66,Mar
1296,167,60,Apr
1296,221,210,May
1296,164,154,Jun
1296,22,8,Jul
1296,400,337,Aug
1296,22,7,Sep
1296,110,37,Oct
1296,36,1,Nov
1296,109,68,Dec
1297,324,239,Jan
1297,348,319,Feb
1297,367,273,Mar
1297,75,69,Apr
1297,93,84,May
1297,191,71,Jun
1297,215,183,Jul
1297,210,174,Aug
1297,173,156,Sep
1297,298,171,Oct
1297,275,214,Nov
1297,77,5,Dec
1298,138,88,Jan
1298,232,160,Feb
1298,172,59,Mar
1298,306,255,Apr
1298,125,77,May
1298,30,22,Jun
1298,326,210,Jul
1298,205,57,Aug
1298,126,96,Sep
1298,162,83,Oct
1298,253,151,Nov
1298,119,111,Dec
1299,348,237,Jan
1299,255,244,Feb
1299,69,50,Mar
1299,245,147,Apr
1299,57,39,May
1299,70,19,Jun
1299,86,48,Jul
1299,202,168,Aug
1299,383,252,Sep
1299,229,217,Oct
1299,324,194,Nov
1299,70,68,Dec
1300,353,296,Jan
1300,142,28,Feb
1300,199,136,Mar
1300,193,168,Apr
1300,335,288,May
1300,304,173,Jun
1300,159,61,Jul
1300,110,49,Aug
1300,287,198,Sep
1300,33,17,Oct
1300,357,292,Nov
1300,295,223,Dec
1301,318,282,Jan
1301,313,261,Feb
1301,78,77,Mar
1301,131,12,Apr
1301,282,243,May
1301,95,68,Jun
1301,187,98,Jul
1301,344,232,Aug
1301,320,302,Sep
1301,70,47,Oct
1301,92,26,Nov
1301,167,130,Dec
1302,109,54,Jan
1302,176,159,Feb
1302,46,2,Mar
1302,275,163,Apr
1302,335,276,May
1302,45,21,Jun
1302,399,339,Jul
1302,36,5,Aug
1302,125,17,Sep
1302,46,28,Oct
1302,385,275,Nov
1302,393,346,Dec
1303,135,123,Jan
1303,206,97,Feb
1303,114,61,Mar
1303,321,288,Apr
1303,383,352,May
1303,271,230,Jun
1303,135,3,Jul
1303,247,112,Aug
1303,256,223,Sep
1303,177,176,Oct
1303,203,153,Nov
1303,357,278,Dec
1304,33,11,Jan
1304,322,213,Feb
1304,241,184,Mar
1304,373,313,Apr
1304,239,109,May
1304,25,14,Jun
1304,290,286,Jul
1304,163,149,Aug
1304,29,10,Sep
1304,107,105,Oct
1304,156,156,Nov
1304,76,48,Dec
1305,360,323,Jan
1305,28,4,Feb
1305,292,149,Mar
1305,120,1,Apr
1305,347,256,May
1305,250,132,Jun
1305,106,45,Jul
1305,127,11,Aug
1305,107,101,Sep
1305,255,169,Oct
1305,310,191,Nov
1305,147,102,Dec
1306,242,99,Jan
1306,120,116,Feb
1306,135,48,Mar
1306,48,4,Apr
1306,359,216,May
1306,386,334,Jun
1306,209,120,Jul
1306,177,176,Aug
1306,220,130,Sep
1306,314,272,Oct
1306,202,135,Nov
1306,251,251,Dec
1307,199,108,Jan
1307,233,197,Feb
1307,163,42,Mar
1307,48,14,Apr
1307,148,100,May
1307,97,6,Jun
1307,350,339,Jul
1307,308,226,Aug
1307,93,55,Sep
1307,247,205,Oct
1307,237,189,Nov
1307,311,275,Dec
1308,131,0,Jan
1308,236,172,Feb
1308,89,60,Mar
1308,58,9,Apr
1308,201,67,May
1308,330,240,Jun
1308,131,43,Jul
1308,239,90,Aug
1308,81,60,Sep
1308,393,372,Oct
1308,119,62,Nov
1308,84,26,Dec
1309,232,121,Jan
1309,309,191,Feb
1309,57,5,Mar
1309,395,252,Apr
1309,303,278,May
1309,134,104,Jun
1309,59,43,Jul
1309,74,24,Aug
1309,249,231,Sep
1309,124,91,Oct
1309,353,309,Nov
1309,89,5,Dec
1310,382,341,Jan
1310,258,170,Feb
1310,44,26,Mar
1310,83,9,Apr
1310,62,33,May
1310,377,247,Jun
1310,47,11,Jul
1310,348,238,Aug
1310,388,267,Sep
1310,255,137,Oct
1310,289,244,Nov
1310,186,99,Dec
1311,102,24,Jan
1311,130,113,Feb
1311,134,70,Mar
1311,245,124,Apr
1311,379,358,May
1311,135,60,Jun
1311,33,10,Jul
1311,117,52,Aug
1311,28,10,Sep
1311,151,5,Oct
1311,240,154,Nov
1311,226,181,Dec
1312,341,314,Jan
1312,124,66,Feb
1312,94,59,Mar
1312,385,360,Apr
1312,27,3,May
1312,213,149,Jun
1312,23,2,Jul
1312,169,75,Aug
1312,93,52,Sep
1312,389,341,Oct
1312,214,184,Nov
1312,350,267,Dec
1313,133,1,Jan
1313,324,192,Feb
1313,270,195,Mar
1313,175,171,Apr
1313,334,316,May
1313,207,202,Jun
1313,77,32,Jul
1313,59,5,Aug
1313,318,288,Sep
1313,196,56,Oct
1313,141,138,Nov
1313,313,238,Dec
1314,57,34,Jan
1314,43,18,Feb
1314,392,251,Mar
1314,357,257,Apr
1314,296,289,May
1314,141,1,Jun
1314,155,141,Jul
1314,355,266,Aug
1314,154,103,Sep
1314,101,82,Oct
1314,374,328,Nov
1314,283,247,Dec
1315,311,216,Jan
1315,113,28,Feb
1315,292,284,Mar
1315,179,106,Apr
1315,88,58,May
1315,142,29,Jun
1315,91,32,Jul
1315,246,146,Aug
1315,26,12,Sep
1315,80,34,Oct
1315,204,101,Nov
1315,237,174,Dec
1316,96,89,Jan
1316,77,77,Feb
1316,315,315,Mar
1316,161,127,Apr
1316,321,208,May
1316,218,167,Jun
1316,79,77,Jul
1316,22,17,Aug
1316,275,165,Sep
1316,330,290,Oct
1316,267,169,Nov
1316,35,0,Dec
1317,158,123,Jan
1317,90,21,Feb
1317,252,174,Mar
1317,169,56,Apr
1317,267,185,May
1317,324,193,Jun
1317,171,108,Jul
1317,134,18,Aug
1317,332,260,Sep
1317,294,226,Oct
1317,398,369,Nov
1317,34,17,Dec
1318,265,250,Jan
1318,270,225,Feb
1318,82,59,Mar
1318,343,286,Apr
1318,269,195,May
1318,203,129,Jun
1318,243,234,Jul
1318,211,96,Aug
1318,97,79,Sep
1318,129,4,Oct
1318,113,73,Nov
1318,144,126,Dec
1319,33,26,Jan
1319,142,96,Feb
1319,273,126,Mar
1319,212,88,Apr
1319,377,345,May
1319,354,303,Jun
1319,97,54,Jul
1319,137,15,Aug
1319,94,13,Sep
1319,237,149,Oct
1319,270,209,Nov
1319,47,40,Dec
1320,339,247,Jan
1320,189,154,Feb
1320,303,281,Mar
1320,369,285,Apr
1320,374,278,May
1320,397,356,Jun
1320,280,230,Jul
1320,163,106,Aug
1320,61,52,Sep
1320,96,87,Oct
1320,111,50,Nov
1320,119,66,Dec
1321,84,76,Jan
1321,301,208,Feb
1321,172,165,Mar
1321,271,135,Apr
1321,172,107,May
1321,281,250,Jun
1321,361,285,Jul
1321,262,233,Aug
1321,294,279,Sep
1321,255,135,Oct
1321,245,95,Nov
1321,155,44,Dec
1322,303,268,Jan
1322,50,15,Feb
1322,197,123,Mar
1322,57,9,Apr
1322,155,37,May
1322,187,70,Jun
1322,290,233,Jul
1322,111,42,Aug
1322,234,188,Sep
1322,187,67,Oct
1322,109,35,Nov
1322,33,2,Dec
1323,286,198,Jan
1323,189,128,Feb
1323,312,245,Mar
1323,261,197,Apr
1323,97,60,May
1323,47,23,Jun
1323,236,205,Jul
1323,358,295,Aug
1323,108,37,Sep
1323,287,200,Oct
1323,241,115,Nov
1323,120,46,Dec
1324,137,128,Jan
1324,344,286,Feb
1324,184,169,Mar
1324,146,93,Apr
1324,309,212,May
1324,353,337,Jun
1324,323,185,Jul
1324,40,34,Aug
1324,47,7,Sep
1324,371,369,Oct
1324,200,147,Nov
1324,65,20,Dec
1325,259,237,Jan
1325,125,46,Feb
1325,29,22,Mar
1325,319,202,Apr
1325,116,69,May
1325,143,64,Jun
1325,238,224,Jul
1325,111,93,Aug
1325,175,71,Sep
1325,53,52,Oct
1325,22,22,Nov
1325,243,136,Dec
1326,237,117,Jan
1326,125,37,Feb
1326,102,9,Mar
1326,217,88,Apr
1326,328,201,May
1326,148,132,Jun
1326,315,235,Jul
1326,248,195,Aug
1326,396,334,Sep
1326,302,290,Oct
1326,340,202,Nov
1326,355,319,Dec
1327,202,188,Jan
1327,40,21,Feb
1327,24,20,Mar
1327,111,44,Apr
1327,26,26,May
1327,48,12,Jun
1327,284,183,Jul
1327,138,90,Aug
1327,312,250,Sep
1327,292,256,Oct
1327,384,371,Nov
1327,173,132,Dec
1328,57,24,Jan
1328,382,265,Feb
1328,59,23,Mar
1328,60,23,Apr
1328,21,14,May
1328,216,147,Jun
1328,229,190,Jul
1328,285,211,Aug
1328,256,249,Sep
1328,83,22,Oct
1328,114,103,Nov
1328,165,126,Dec
1329,123,109,Jan
1329,210,103,Feb
1329,120,56,Mar
1329,34,13,Apr
1329,138,48,May
1329,358,299,Jun
1329,83,44,Jul
1329,198,79,Aug
1329,293,210,Sep
1329,51,5,Oct
1329,42,0,Nov
1329,291,287,Dec
1330,192,71,Jan
1330,273,150,Feb
1330,134,60,Mar
1330,241,219,Apr
1330,174,51,May
1330,88,30,Jun
1330,163,97,Jul
1330,87,48,Aug
1330,20,5,Sep
1330,181,141,Oct
1330,386,236,Nov
1330,206,121,Dec
1331,307,203,Jan
1331,94,57,Feb
1331,63,46,Mar
1331,363,300,Apr
1331,315,210,May
1331,132,87,Jun
1331,154,9,Jul
1331,198,132,Aug
1331,222,93,Sep
1331,274,250,Oct
1331,294,180,Nov
1331,289,185,Dec
1332,87,69,Jan
1332,269,191,Feb
1332,307,304,Mar
1332,167,44,Apr
1332,353,300,May
1332,372,338,Jun
1332,399,343,Jul
1332,230,183,Aug
1332,224,79,Sep
1332,182,54,Oct
1332,77,64,Nov
1332,89,8,Dec
1333,150,2,Jan
1333,184,175,Feb
1333,171,34,Mar
1333,138,37,Apr
1333,86,9,May
1333,66,28,Jun
1333,158,41,Jul
1333,110,70,Aug
1333,319,235,Sep
1333,29,22,Oct
1333,178,88,Nov
1333,340,221,Dec
1334,367,255,Jan
1334,157,58,Feb
1334,203,72,Mar
1334,153,114,Apr
1334,178,90,May
1334,40,27,Jun
1334,217,158,Jul
1334,287,216,Aug
1334,94,45,Sep
1334,386,347,Oct
1334,232,83,Nov
1334,178,123,Dec
1335,69,22,Jan
1335,298,152,Feb
1335,188,174,Mar
1335,133,113,Apr
1335,317,304,May
1335,369,352,Jun
1335,133,126,Jul
1335,234,126,Aug
1335,249,116,Sep
1335,60,37,Oct
1335,247,122,Nov
1335,339,266,Dec
1336,111,5,Jan
1336,254,254,Feb
1336,58,36,Mar
1336,215,92,Apr
1336,227,152,May
1336,319,242,Jun
1336,249,129,Jul
1336,136,25,Aug
1336,391,370,Sep
1336,157,131,Oct
1336,76,7,Nov
1336,137,73,Dec
1337,29,23,Jan
1337,263,192,Feb
1337,309,217,Mar
1337,371,358,Apr
1337,308,245,May
1337,273,142,Jun
1337,88,52,Jul
1337,100,22,Aug
1337,146,95,Sep
1337,194,186,Oct
1337,72,43,Nov
1337,333,238,Dec
1338,262,202,Jan
1338,272,175,Feb
1338,214,122,Mar
1338,187,79,Apr
1338,232,151,May
1338,235,158,Jun
1338,241,154,Jul
1338,219,132,Aug
1338,174,156,Sep
1338,247,103,Oct
1338,263,203,Nov
1338,382,349,Dec
1339,238,119,Jan
1339,287,257,Feb
1339,215,179,Mar
1339,189,169,Apr
1339,296,229,May
1339,112,19,Jun
1339,272,134,Jul
1339,190,165,Aug
1339,43,37,Sep
1339,99,38,Oct
1339,43,23,Nov
1339,127,6,Dec
1340,209,207,Jan
1340,148,36,Feb
1340,61,28,Mar
1340,271,220,Apr
1340,175,143,May
1340,32,20,Jun
1340,114,110,Jul
1340,269,265,Aug
1340,315,232,Sep
1340,206,195,Oct
1340,124,106,Nov
1340,89,82,Dec
1341,149,25,Jan
1341,326,217,Feb
1341,61,49,Mar
1341,336,258,Apr
1341,137,137,May
1341,392,308,Jun
1341,23,4,Jul
1341,221,136,Aug
1341,269,185,Sep
1341,245,96,Oct
1341,296,291,Nov
1341,340,291,Dec
1342,343,322,Jan
1342,121,66,Feb
1342,125,90,Mar
1342,43,26,Apr
1342,243,177,May
1342,22,7,Jun
1342,363,335,Jul
1342,196,52,Aug
1342,206,173,Sep
1342,70,7,Oct
1342,106,20,Nov
1342,190,136,Dec
1343,69,17,Jan
1343,269,216,Feb
1343,234,141,Mar
1343,98,83,Apr
1343,393,260,May
1343,353,324,Jun
1343,90,28,Jul
1343,34,14,Aug
1343,112,107,Sep
1343,256,218,Oct
1343,366,276,Nov
1343,389,240,Dec
1344,138,81,Jan
1344,302,302,Feb
1344,144,141,Mar
1344,157,70,Apr
1344,303,276,May
1344,397,284,Jun
1344,296,265,Jul
1344,96,95,Aug
1344,76,41,Sep
1344,258,108,Oct
1344,277,204,Nov
1344,230,221,Dec
1345,282,222,Jan
1345,22,22,Feb
1345,315,280,Mar
1345,141,128,Apr
1345,360,250,May
1345,104,49,Jun
1345,55,9,Jul
1345,377,346,Aug
1345,110,34,Sep
1345,341,208,Oct
1345,393,283,Nov
1345,369,309,Dec
1346,302,278,Jan
1346,199,78,Feb
1346,358,290,Mar
1346,343,283,Apr
1346,213,184,May
1346,283,176,Jun
1346,400,335,Jul
1346,279,230,Aug
1346,245,144,Sep
1346,196,106,Oct
1346,101,21,Nov
1346,150,1,Dec
1347,230,178,Jan
1347,309,163,Feb
1347,189,62,Mar
1347,386,380,Apr
1347,237,134,May
1347,213,129,Jun
1347,198,63,Jul
1347,333,243,Aug
1347,317,307,Sep
1347,37,0,Oct
1347,245,210,Nov
1347,310,297,Dec
1348,100,81,Jan
1348,244,106,Feb
1348,163,36,Mar
1348,308,254,Apr
1348,389,327,May
1348,112,55,Jun
1348,187,110,Jul
1348,207,85,Aug
1348,21,3,Sep
1348,324,240,Oct
1348,299,191,Nov
1348,360,303,Dec
1349,361,287,Jan
1349,336,252,Feb
1349,244,104,Mar
1349,149,115,Apr
1349,307,285,May
1349,86,62,Jun
1349,106,70,Jul
1349,338,233,Aug
1349,156,39,Sep
1349,126,53,Oct
1349,81,3,Nov
1349,74,40,Dec
1350,380,282,Jan
1350,396,286,Feb
1350,369,348,Mar
1350,186,126,Apr
1350,200,184,May
1350,360,299,Jun
1350,391,389,Jul
1350,367,345,Aug
1350,73,58,Sep
1350,51,4,Oct
1350,139,76,Nov
1350,307,158,Dec
1351,109,98,Jan
1351,370,229,Feb
1351,82,57,Mar
1351,226,173,Apr
1351,114,21,May
1351,378,269,Jun
1351,349,296,Jul
1351,197,172,Aug
1351,55,41,Sep
1351,151,46,Oct
1351,251,228,Nov
1351,144,33,Dec
1352,71,22,Jan
1352,151,126,Feb
1352,313,277,Mar
1352,253,166,Apr
1352,184,161,May
1352,257,195,Jun
1352,210,86,Jul
1352,173,61,Aug
1352,243,199,Sep
1352,157,45,Oct
1352,96,20,Nov
1352,309,246,Dec
1353,67,1,Jan
1353,265,139,Feb
1353,107,44,Mar
1353,373,348,Apr
1353,394,386,May
1353,229,228,Jun
1353,258,240,Jul
1353,379,353,Aug
1353,188,95,Sep
1353,314,217,Oct
1353,254,249,Nov
1353,368,329,Dec
1354,72,41,Jan
1354,359,226,Feb
1354,277,147,Mar
1354,241,166,Apr
1354,112,0,May
1354,140,104,Jun
1354,188,113,Jul
1354,360,300,Aug
1354,343,223,Sep
1354,239,217,Oct
1354,349,216,Nov
1354,278,247,Dec
1355,75,36,Jan
1355,200,75,Feb
1355,50,12,Mar
1355,261,119,Apr
1355,149,13,May
1355,325,275,Jun
1355,388,335,Jul
1355,132,20,Aug
1355,212,184,Sep
1355,181,58,Oct
1355,24,21,Nov
1355,241,207,Dec
1356,34,8,Jan
1356,30,14,Feb
1356,150,27,Mar
1356,99,75,Apr
1356,169,26,May
1356,321,258,Jun
1356,121,119,Jul
1356,363,225,Aug
1356,189,56,Sep
1356,392,343,Oct
1356,101,27,Nov
1356,247,112,Dec
1357,295,295,Jan
1357,335,301,Feb
1357,76,52,Mar
1357,47,19,Apr
1357,274,211,May
1357,159,75,Jun
1357,298,155,Jul
1357,196,166,Aug
1357,388,253,Sep
1357,309,194,Oct
1357,233,136,Nov
1357,136,75,Dec
1358,273,176,Jan
1358,280,217,Feb
1358,223,155,Mar
1358,357,349,Apr
1358,30,12,May
1358,30,0,Jun
1358,241,119,Jul
1358,365,313,Aug
1358,72,31,Sep
1358,20,15,Oct
1358,260,165,Nov
1358,308,260,Dec
1359,357,227,Jan
1359,284,148,Feb
1359,135,78,Mar
1359,152,103,Apr
1359,95,45,May
1359,114,17,Jun
1359,95,32,Jul
1359,180,75,Aug
1359,47,18,Sep
1359,388,285,Oct
1359,312,201,Nov
1359,35,4,Dec
1360,316,261,Jan
1360,114,58,Feb
1360,142,74,Mar
1360,20,10,Apr
1360,164,128,May
1360,343,248,Jun
1360,252,205,Jul
1360,138,125,Aug
1360,362,259,Sep
1360,220,184,Oct
1360,386,378,Nov
1360,75,4,Dec
1361,235,203,Jan
1361,83,59,Feb
1361,186,162,Mar
1361,228,89,Apr
1361,321,266,May
1361,197,106,Jun
1361,211,210,Jul
1361,259,146,Aug
1361,352,328,Sep
1361,199,188,Oct
1361,182,106,Nov
1361,28,20,Dec
1362,270,254,Jan
1362,22,17,Feb
1362,24,10,Mar
1362,271,269,Apr
1362,373,316,May
1362,312,246,Jun
1362,393,331,Jul
1362,76,45,Aug
1362,55,16,Sep
1362,371,255,Oct
1362,281,264,Nov
1362,391,250,Dec
1363,209,180,Jan
1363,130,43,Feb
1363,399,335,Mar
1363,34,23,Apr
1363,270,241,May
1363,316,168,Jun
1363,282,240,Jul
1363,378,285,Aug
1363,284,144,Sep
1363,139,42,Oct
1363,200,163,Nov
1363,71,13,Dec
1364,315,191,Jan
1364,288,175,Feb
1364,292,269,Mar
1364,273,168,Apr
1364,352,275,May
1364,258,176,Jun
1364,237,156,Jul
1364,262,202,Aug
1364,325,262,Sep
1364,160,131,Oct
1364,306,270,Nov
1364,192,64,Dec
1365,83,22,Jan
1365,87,76,Feb
1365,338,236,Mar
1365,77,23,Apr
1365,60,54,May
1365,256,145,Jun
1365,33,33,Jul
1365,317,279,Aug
1365,328,321,Sep
1365,207,201,Oct
1365,242,163,Nov
1365,344,323,Dec
1366,148,122,Jan
1366,301,164,Feb
1366,273,163,Mar
1366,292,177,Apr
1366,370,348,May
1366,25,24,Jun
1366,183,131,Jul
1366,208,192,Aug
1366,384,376,Sep
1366,28,21,Oct
1366,378,362,Nov
1366,52,35,Dec
1367,229,224,Jan
1367,214,127,Feb
1367,98,96,Mar
1367,364,318,Apr
1367,23,9,May
1367,159,52,Jun
1367,129,129,Jul
1367,24,18,Aug
1367,156,31,Sep
1367,359,254,Oct
1367,90,41,Nov
1367,380,367,Dec
1368,392,362,Jan
1368,325,296,Feb
1368,383,356,Mar
1368,293,214,Apr
1368,85,61,May
1368,284,147,Jun
1368,195,168,Jul
1368,243,221,Aug
1368,319,201,Sep
1368,160,36,Oct
1368,135,118,Nov
1368,349,257,Dec
1369,56,48,Jan
1369,310,175,Feb
1369,64,11,Mar
1369,75,58,Apr
1369,364,256,May
1369,191,129,Jun
1369,257,130,Jul
1369,118,40,Aug
1369,360,282,Sep
1369,138,73,Oct
1369,159,21,Nov
1369,304,228,Dec
1370,34,12,Jan
1370,106,65,Feb
1370,200,142,Mar
1370,103,69,Apr
1370,82,56,May
1370,394,334,Jun
1370,232,191,Jul
1370,118,1,Aug
1370,292,240,Sep
1370,183,107,Oct
1370,146,91,Nov
1370,367,312,Dec
1371,247,144,Jan
1371,392,378,Feb
1371,322,230,Mar
1371,174,36,Apr
1371,246,193,May
1371,177,123,Jun
1371,75,29,Jul
1371,69,1,Aug
1371,187,75,Sep
1371,378,286,Oct
1371,176,100,Nov
1371,187,100,Dec
1372,359,339,Jan
1372,200,62,Feb
1372,210,146,Mar
1372,317,277,Apr
1372,164,98,May
1372,378,324,Jun
1372,235,102,Jul
1372,306,256,Aug
1372,378,294,Sep
1372,113,68,Oct
1372,85,3,Nov
1372,139,73,Dec
1373,285,254,Jan
1373,204,113,Feb
1373,166,29,Mar
1373,22,5,Apr
1373,71,18,May
1373,110,101,Jun
1373,391,359,Jul
1373,276,136,Aug
1373,127,6,Sep
1373,198,104,Oct
1373,331,245,Nov
1373,158,65,Dec
1374,284,235,Jan
1374,214,112,Feb
1374,295,232,Mar
1374,52,28,Apr
1374,267,260,May
1374,395,320,Jun
1374,282,205,Jul
1374,130,30,Aug
1374,263,137,Sep
1374,168,154,Oct
1374,80,26,Nov
1374,378,282,Dec
1375,236,177,Jan
1375,305,214,Feb
1375,256,185,Mar
1375,46,8,Apr
1375,213,200,May
1375,331,280,Jun
1375,396,322,Jul
1375,312,227,Aug
1375,175,166,Sep
1375,364,236,Oct
1375,331,301,Nov
1375,302,207,Dec
1376,379,268,Jan
1376,328,179,Feb
1376,38,19,Mar
1376,400,398,Apr
1376,272,156,May
1376,248,200,Jun
1376,177,50,Jul
1376,280,216,Aug
1376,54,4,Sep
1376,400,258,Oct
1376,120,43,Nov
1376,280,262,Dec
1377,104,93,Jan
1377,63,4,Feb
1377,375,266,Mar
1377,49,29,Apr
1377,148,36,May
1377,74,57,Jun
1377,259,257,Jul
1377,321,319,Aug
1377,238,118,Sep
1377,336,294,Oct
1377,138,33,Nov
1377,267,160,Dec
1378,387,357,Jan
1378,135,78,Feb
1378,128,119,Mar
1378,398,386,Apr
1378,198,183,May
1378,308,200,Jun
1378,103,33,Jul
1378,98,53,Aug
1378,296,267,Sep
1378,214,110,Oct
1378,387,290,Nov
1378,250,187,Dec
1379,357,278,Jan
1379,154,95,Feb
1379,275,198,Mar
1379,155,7,Apr
1379,167,113,May
1379,293,239,Jun
1379,344,266,Jul
1379,271,212,Aug
1379,82,42,Sep
1379,372,273,Oct
1379,259,126,Nov
1379,228,215,Dec
1380,192,149,Jan
1380,167,27,Feb
1380,154,40,Mar
1380,83,46,Apr
1380,93,35,May
1380,62,28,Jun
1380,235,178,Jul
1380,83,67,Aug
1380,231,149,Sep
1380,285,222,Oct
1380,112,75,Nov
1380,63,31,Dec
1381,244,161,Jan
1381,274,136,Feb
1381,315,302,Mar
1381,389,302,Apr
1381,67,0,May
1381,232,160,Jun
1381,330,254,Jul
1381,249,127,Aug
1381,254,189,Sep
1381,290,218,Oct
1381,263,191,Nov
1381,44,7,Dec
1382,350,206,Jan
1382,282,211,Feb
1382,177,153,Mar
1382,128,100,Apr
1382,144,43,May
1382,236,98,Jun
1382,162,72,Jul
1382,342,265,Aug
1382,115,25,Sep
1382,63,37,Oct
1382,260,184,Nov
1382,376,325,Dec
1383,364,256,Jan
1383,108,18,Feb
1383,277,239,Mar
1383,123,94,Apr
1383,157,148,May
1383,240,93,Jun
1383,221,140,Jul
1383,111,86,Aug
1383,271,228,Sep
1383,336,296,Oct
1383,77,36,Nov
1383,257,207,Dec
1384,47,40,Jan
1384,190,125,Feb
1384,144,51,Mar
1384,386,358,Apr
1384,302,228,May
1384,91,35,Jun
1384,326,285,Jul
1384,119,29,Aug
1384,262,128,Sep
1384,48,1,Oct
1384,236,196,Nov
1384,172,139,Dec
1385,134,54,Jan
1385,191,160,Feb
1385,279,186,Mar
1385,53,27,Apr
1385,370,229,May
1385,263,114,Jun
1385,213,128,Jul
1385,221,118,Aug
1385,92,0,Sep
1385,105,104,Oct
1385,121,32,Nov
1385,180,120,Dec
1386,192,128,Jan
1386,221,108,Feb
1386,310,228,Mar
1386,328,283,Apr
1386,375,307,May
1386,139,6,Jun
1386,119,48,Jul
1386,397,321,Aug
1386,250,105,Sep
1386,318,291,Oct
1386,300,186,Nov
1386,257,216,Dec
1387,195,122,Jan
1387,265,124,Feb
1387,199,178,Mar
1387,135,29,Apr
1387,395,379,May
1387,97,53,Jun
1387,150,130,Jul
1387,382,307,Aug
1387,241,155,Sep
1387,65,44,Oct
1387,256,191,Nov
1387,383,341,Dec
1388,82,33,Jan
1388,107,9,Feb
1388,366,330,Mar
1388,348,265,Apr
1388,206,195,May
1388,347,344,Jun
1388,169,118,Jul
1388,373,363,Aug
1388,23,16,Sep
1388,54,14,Oct
1388,299,277,Nov
1388,78,68,Dec
1389,210,130,Jan
1389,249,160,Feb
1389,117,88,Mar
1389,169,75,Apr
1389,345,216,May
1389,227,122,Jun
1389,159,132,Jul
1389,164,125,Aug
1389,347,277,Sep
1389,399,288,Oct
1389,388,371,Nov
1389,209,59,Dec
1390,248,115,Jan
1390,54,49,Feb
1390,330,298,Mar
1390,43,32,Apr
1390,307,274,May
1390,214,68,Jun
1390,59,39,Jul
1390,326,301,Aug
1390,303,204,Sep
1390,21,1,Oct
1390,33,8,Nov
1390,55,7,Dec
1391,79,7,Jan
1391,163,88,Feb
1391,51,42,Mar
1391,109,90,Apr
1391,141,117,May
1391,201,178,Jun
1391,279,179,Jul
1391,327,205,Aug
1391,242,111,Sep
1391,210,120,Oct
1391,137,31,Nov
1391,181,135,Dec
1392,152,61,Jan
1392,365,337,Feb
1392,244,114,Mar
1392,66,39,Apr
1392,40,20,May
1392,67,56,Jun
1392,205,180,Jul
1392,337,193,Aug
1392,213,191,Sep
1392,137,126,Oct
1392,221,158,Nov
1392,337,315,Dec
1393,254,202,Jan
1393,386,247,Feb
1393,350,323,Mar
1393,153,129,Apr
1393,273,202,May
1393,226,141,Jun
1393,180,154,Jul
1393,139,23,Aug
1393,230,93,Sep
1393,346,253,Oct
1393,176,52,Nov
1393,271,170,Dec
1394,283,271,Jan
1394,22,21,Feb
1394,308,229,Mar
1394,96,48,Apr
1394,228,227,May
1394,327,239,Jun
1394,217,149,Jul
1394,62,17,Aug
1394,349,219,Sep
1394,31,16,Oct
1394,136,87,Nov
1394,110,56,Dec
1395,238,119,Jan
1395,50,38,Feb
1395,197,74,Mar
1395,86,72,Apr
1395,234,154,May
1395,353,321,Jun
1395,131,8,Jul
1395,165,99,Aug
1395,170,167,Sep
1395,217,206,Oct
1395,251,165,Nov
1395,397,262,Dec
1396,54,44,Jan
1396,287,239,Feb
1396,376,226,Mar
1396,300,245,Apr
1396,303,277,May
1396,275,200,Jun
1396,357,354,Jul
1396,340,332,Aug
1396,173,35,Sep
1396,223,137,Oct
1396,355,322,Nov
1396,334,323,Dec
1397,359,254,Jan
1397,173,91,Feb
1397,261,216,Mar
1397,352,321,Apr
1397,145,120,May
1397,276,255,Jun
1397,265,253,Jul
1397,184,102,Aug
1397,232,132,Sep
1397,104,38,Oct
1397,166,38,Nov
1397,383,334,Dec
1398,387,304,Jan
1398,303,248,Feb
1398,379,365,Mar
1398,232,118,Apr
1398,391,292,May
1398,67,24,Jun
1398,105,23,Jul
1398,66,51,Aug
1398,138,46,Sep
1398,344,266,Oct
1398,161,67,Nov
1398,164,70,Dec
1399,269,174,Jan
1399,209,62,Feb
1399,106,100,Mar
1399,135,41,Apr
1399,271,159,May
1399,66,8,Jun
1399,262,196,Jul
1399,257,116,Aug
1399,390,280,Sep
1399,279,200,Oct
1399,57,52,Nov
1399,360,217,Dec
1400,147,7,Jan
1400,329,211,Feb
1400,298,192,Mar
1400,268,236,Apr
1400,371,371,May
1400,236,88,Jun
1400,164,21,Jul
1400,218,169,Aug
1400,271,172,Sep
1400,347,240,Oct
1400,49,33,Nov
1400,153,133,Dec
1401,71,63,Jan
1401,380,369,Feb
1401,207,161,Mar
1401,211,111,Apr
1401,169,114,May
1401,43,20,Jun
1401,278,198,Jul
1401,20,11,Aug
1401,84,72,Sep
1401,64,26,Oct
1401,222,102,Nov
1401,195,54,Dec
1402,178,81,Jan
1402,341,196,Feb
1402,192,180,Mar
1402,49,33,Apr
1402,142,43,May
1402,114,61,Jun
1402,183,176,Jul
1402,57,1,Aug
1402,238,138,Sep
1402,310,189,Oct
1402,366,336,Nov
1402,257,204,Dec
1403,99,81,Jan
1403,201,175,Feb
1403,273,135,Mar
1403,22,15,Apr
1403,211,177,May
1403,358,296,Jun
1403,270,214,Jul
1403,264,208,Aug
1403,121,0,Sep
1403,217,131,Oct
1403,166,104,Nov
1403,331,291,Dec
1404,378,237,Jan
1404,291,146,Feb
1404,314,282,Mar
1404,81,8,Apr
1404,328,254,May
1404,26,14,Jun
1404,53,52,Jul
1404,50,7,Aug
1404,279,183,Sep
1404,25,0,Oct
1404,164,142,Nov
1404,373,283,Dec
1405,165,115,Jan
1405,207,141,Feb
1405,189,88,Mar
1405,51,39,Apr
1405,39,29,May
1405,91,70,Jun
1405,48,43,Jul
1405,54,17,Aug
1405,271,164,Sep
1405,25,1,Oct
1405,141,126,Nov
1405,209,129,Dec
1406,70,32,Jan
1406,384,371,Feb
1406,352,328,Mar
1406,91,65,Apr
1406,181,51,May
1406,243,190,Jun
1406,43,9,Jul
1406,89,0,Aug
1406,46,38,Sep
1406,202,115,Oct
1406,162,79,Nov
1406,91,55,Dec
1407,45,20,Jan
1407,286,193,Feb
1407,109,11,Mar
1407,100,35,Apr
1407,267,254,May
1407,81,41,Jun
1407,26,11,Jul
1407,91,46,Aug
1407,228,116,Sep
1407,337,320,Oct
1407,108,14,Nov
1407,397,332,Dec
1408,223,137,Jan
1408,351,288,Feb
1408,191,177,Mar
1408,380,279,Apr
1408,305,182,May
1408,184,147,Jun
1408,333,330,Jul
1408,61,60,Aug
1408,103,43,Sep
1408,200,85,Oct
1408,78,52,Nov
1408,131,111,Dec
1409,115,87,Jan
1409,273,153,Feb
1409,361,270,Mar
1409,164,145,Apr
1409,72,64,May
1409,273,171,Jun
1409,342,197,Jul
1409,110,62,Aug
1409,130,122,Sep
1409,47,10,Oct
1409,95,15,Nov
1409,250,246,Dec
1410,26,0,Jan
1410,316,267,Feb
1410,28,5,Mar
1410,355,240,Apr
1410,202,77,May
1410,146,34,Jun
1410,101,2,Jul
1410,29,8,Aug
1410,146,93,Sep
1410,61,36,Oct
1410,351,254,Nov
1410,333,332,Dec
1411,96,14,Jan
1411,306,176,Feb
1411,313,241,Mar
1411,297,155,Apr
1411,288,182,May
1411,170,76,Jun
1411,171,92,Jul
1411,208,76,Aug
1411,69,9,Sep
1411,266,160,Oct
1411,177,82,Nov
1411,392,369,Dec
1412,212,205,Jan
1412,325,302,Feb
1412,38,29,Mar
1412,246,120,Apr
1412,55,35,May
1412,166,110,Jun
1412,321,274,Jul
1412,232,113,Aug
1412,28,22,Sep
1412,69,37,Oct
1412,324,228,Nov
1412,359,213,Dec
1413,189,137,Jan
1413,97,33,Feb
1413,68,7,Mar
1413,397,260,Apr
1413,105,26,May
1413,347,210,Jun
1413,191,146,Jul
1413,84,70,Aug
1413,288,180,Sep
1413,130,84,Oct
1413,56,29,Nov
1413,258,162,Dec
1414,389,373,Jan
1414,273,150,Feb
1414,326,322,Mar
1414,316,197,Apr
1414,347,347,May
1414,96,43,Jun
1414,62,20,Jul
1414,294,265,Aug
1414,39,37,Sep
1414,363,293,Oct
1414,354,258,Nov
1414,319,269,Dec
1415,126,27,Jan
1415,327,226,Feb
1415,183,85,Mar
1415,95,32,Apr
1415,400,328,May
1415,399,272,Jun
1415,262,251,Jul
1415,45,22,Aug
1415,160,152,Sep
1415,189,132,Oct
1415,167,128,Nov
1415,136,97,Dec
1416,208,107,Jan
1416,186,95,Feb
1416,284,270,Mar
1416,72,15,Apr
1416,111,53,May
1416,340,300,Jun
1416,210,146,Jul
1416,70,20,Aug
1416,241,134,Sep
1416,288,176,Oct
1416,383,300,Nov
1416,151,120,Dec
1417,383,346,Jan
1417,36,35,Feb
1417,326,229,Mar
1417,206,200,Apr
1417,307,220,May
1417,91,24,Jun
1417,276,223,Jul
1417,304,231,Aug
1417,282,246,Sep
1417,242,233,Oct
1417,150,88,Nov
1417,110,11,Dec
1418,57,47,Jan
1418,188,94,Feb
1418,252,107,Mar
1418,161,19,Apr
1418,160,58,May
1418,82,69,Jun
1418,234,230,Jul
1418,238,195,Aug
1418,67,30,Sep
1418,253,235,Oct
1418,48,42,Nov
1418,378,352,Dec
1419,34,18,Jan
1419,193,112,Feb
1419,307,259,Mar
1419,264,211,Apr
1419,348,287,May
1419,179,82,Jun
1419,153,19,Jul
1419,393,379,Aug
1419,340,218,Sep
1419,105,26,Oct
1419,26,2,Nov
1419,248,248,Dec
1420,139,34,Jan
1420,224,77,Feb
1420,280,270,Mar
1420,309,204,Apr
1420,84,54,May
1420,282,250,Jun
1420,58,18,Jul
1420,22,11,Aug
1420,204,69,Sep
1420,181,43,Oct
1420,370,284,Nov
1420,157,130,Dec
1421,368,246,Jan
1421,264,140,Feb
1421,321,173,Mar
1421,311,305,Apr
1421,279,238,May
1421,285,253,Jun
1421,80,4,Jul
1421,392,243,Aug
1421,150,107,Sep
1421,293,279,Oct
1421,24,10,Nov
1421,353,283,Dec
1422,205,139,Jan
1422,62,45,Feb
1422,131,41,Mar
1422,357,355,Apr
1422,36,1,May
1422,197,133,Jun
1422,173,87,Jul
1422,124,33,Aug
1422,90,59,Sep
1422,345,247,Oct
1422,90,88,Nov
1422,278,135,Dec
1423,161,65,Jan
1423,52,42,Feb
1423,279,241,Mar
1423,197,66,Apr
1423,141,121,May
1423,56,4,Jun
1423,51,5,Jul
1423,234,204,Aug
1423,50,46,Sep
1423,280,227,Oct
1423,75,57,Nov
1423,122,74,Dec
1424,95,3,Jan
1424,201,151,Feb
1424,384,374,Mar
1424,178,51,Apr
1424,342,327,May
1424,70,1,Jun
1424,194,139,Jul
1424,177,78,Aug
1424,49,32,Sep
1424,30,5,Oct
1424,358,295,Nov
1424,196,55,Dec
1425,164,136,Jan
1425,375,287,Feb
1425,256,252,Mar
1425,234,118,Apr
1425,66,36,May
1425,326,314,Jun
1425,83,82,Jul
1425,217,207,Aug
1425,369,256,Sep
1425,43,39,Oct
1425,199,89,Nov
1425,300,290,Dec
1426,354,342,Jan
1426,100,45,Feb
1426,37,29,Mar
1426,125,15,Apr
1426,387,268,May
1426,46,0,Jun
1426,295,156,Jul
1426,211,114,Aug
1426,46,3,Sep
1426,28,1,Oct
1426,154,139,Nov
1426,168,54,Dec
1427,52,35,Jan
1427,389,280,Feb
1427,266,255,Mar
1427,258,192,Apr
1427,139,57,May
1427,364,292,Jun
1427,248,205,Jul
1427,174,114,Aug
1427,156,44,Sep
1427,331,211,Oct
1427,126,19,Nov
1427,298,270,Dec
1428,113,21,Jan
1428,257,147,Feb
1428,129,18,Mar
1428,73,64,Apr
1428,183,159,May
1428,118,95,Jun
1428,231,132,Jul
1428,174,42,Aug
1428,240,229,Sep
1428,299,250,Oct
1428,274,175,Nov
1428,137,134,Dec
1429,329,309,Jan
1429,198,98,Feb
1429,375,284,Mar
1429,36,8,Apr
1429,57,20,May
1429,278,224,Jun
1429,182,164,Jul
1429,51,13,Aug
1429,254,160,Sep
1429,128,77,Oct
1429,333,219,Nov
1429,202,179,Dec
1430,100,23,Jan
1430,302,247,Feb
1430,244,188,Mar
1430,98,71,Apr
1430,327,303,May
1430,278,271,Jun
1430,184,94,Jul
1430,128,102,Aug
1430,103,97,Sep
1430,124,89,Oct
1430,41,18,Nov
1430,228,90,Dec
1431,274,178,Jan
1431,59,44,Feb
1431,216,113,Mar
1431,126,3,Apr
1431,33,18,May
1431,379,245,Jun
1431,39,25,Jul
1431,260,143,Aug
1431,377,320,Sep
1431,212,167,Oct
1431,220,76,Nov
1431,389,311,Dec
1432,308,293,Jan
1432,378,369,Feb
1432,101,65,Mar
1432,221,73,Apr
1432,88,70,May
1432,400,290,Jun
1432,364,361,Jul
1432,237,180,Aug
1432,260,240,Sep
1432,134,8,Oct
1432,159,134,Nov
1432,373,362,Dec
1433,79,73,Jan
1433,208,82,Feb
1433,383,250,Mar
1433,247,115,Apr
1433,63,34,May
1433,358,244,Jun
1433,78,37,Jul
1433,68,46,Aug
1433,227,84,Sep
1433,167,119,Oct
1433,398,360,Nov
1433,345,256,Dec
1434,41,21,Jan
1434,267,152,Feb
1434,201,120,Mar
1434,338,294,Apr
1434,142,91,May
1434,342,336,Jun
1434,42,17,Jul
1434,262,139,Aug
1434,329,260,Sep
1434,57,38,Oct
1434,312,197,Nov
1434,136,18,Dec
1435,343,241,Jan
1435,237,143,Feb
1435,340,335,Mar
1435,336,277,Apr
1435,290,147,May
1435,195,188,Jun
1435,344,264,Jul
1435,400,264,Aug
1435,52,23,Sep
1435,80,41,Oct
1435,338,248,Nov
1435,245,196,Dec
1436,266,118,Jan
1436,277,130,Feb
1436,358,271,Mar
1436,221,75,Apr
1436,366,316,May
1436,219,218,Jun
1436,219,148,Jul
1436,309,232,Aug
1436,375,345,Sep
1436,358,352,Oct
1436,340,253,Nov
1436,196,158,Dec
1437,323,214,Jan
1437,279,201,Feb
1437,24,12,Mar
1437,306,192,Apr
1437,151,115,May
1437,376,267,Jun
1437,261,164,Jul
1437,269,183,Aug
1437,50,15,Sep
1437,105,60,Oct
1437,237,89,Nov
1437,333,274,Dec
1438,56,4,Jan
1438,329,326,Feb
1438,327,194,Mar
1438,55,31,Apr
1438,340,336,May
1438,347,264,Jun
1438,181,75,Jul
1438,322,245,Aug
1438,173,159,Sep
1438,145,57,Oct
1438,356,311,Nov
1438,195,78,Dec
1439,340,222,Jan
1439,208,193,Feb
1439,34,4,Mar
1439,396,391,Apr
1439,113,105,May
1439,238,131,Jun
1439,303,177,Jul
1439,106,38,Aug
1439,312,187,Sep
1439,127,19,Oct
1439,291,244,Nov
1439,259,166,Dec
1440,248,213,Jan
1440,119,54,Feb
1440,304,234,Mar
1440,337,268,Apr
1440,296,293,May
1440,330,304,Jun
1440,338,244,Jul
1440,228,78,Aug
1440,79,43,Sep
1440,314,184,Oct
1440,64,50,Nov
1440,373,246,Dec
1441,328,199,Jan
1441,115,42,Feb
1441,187,185,Mar
1441,104,23,Apr
1441,176,129,May
1441,296,193,Jun
1441,225,157,Jul
1441,104,65,Aug
1441,140,45,Sep
1441,157,107,Oct
1441,340,317,Nov
1441,29,25,Dec
1442,174,48,Jan
1442,260,228,Feb
1442,155,52,Mar
1442,114,8,Apr
1442,312,269,May
1442,233,136,Jun
1442,44,32,Jul
1442,69,65,Aug
1442,246,174,Sep
1442,37,25,Oct
1442,176,114,Nov
1442,192,145,Dec
1443,36,20,Jan
1443,369,307,Feb
1443,42,36,Mar
1443,167,45,Apr
1443,363,282,May
1443,296,222,Jun
1443,170,163,Jul
1443,271,137,Aug
1443,328,240,Sep
1443,49,25,Oct
1443,21,4,Nov
1443,385,324,Dec
1444,283,137,Jan
1444,183,166,Feb
1444,132,119,Mar
1444,178,156,Apr
1444,29,27,May
1444,57,28,Jun
1444,123,51,Jul
1444,356,231,Aug
1444,236,199,Sep
1444,259,255,Oct
1444,174,82,Nov
1444,258,251,Dec
1445,48,31,Jan
1445,319,270,Feb
1445,163,36,Mar
1445,281,181,Apr
1445,306,278,May
1445,165,28,Jun
1445,108,102,Jul
1445,155,131,Aug
1445,112,92,Sep
1445,176,128,Oct
1445,190,168,Nov
1445,139,90,Dec
1446,69,0,Jan
1446,107,2,Feb
1446,314,254,Mar
1446,330,189,Apr
1446,151,95,May
1446,43,28,Jun
1446,178,111,Jul
1446,299,243,Aug
1446,277,169,Sep
1446,228,137,Oct
1446,101,35,Nov
1446,238,168,Dec
1447,332,212,Jan
1447,247,173,Feb
1447,271,234,Mar
1447,182,142,Apr
1447,29,16,May
1447,85,41,Jun
1447,22,8,Jul
1447,104,11,Aug
1447,330,211,Sep
1447,162,67,Oct
1447,378,314,Nov
1447,79,48,Dec
1448,92,37,Jan
1448,321,227,Feb
1448,107,67,Mar
1448,302,297,Apr
1448,341,209,May
1448,126,99,Jun
1448,174,102,Jul
1448,296,235,Aug
1448,137,137,Sep
1448,239,152,Oct
1448,104,14,Nov
1448,248,118,Dec
1449,208,108,Jan
1449,128,5,Feb
1449,384,297,Mar
1449,256,213,Apr
1449,143,6,May
1449,316,168,Jun
1449,295,181,Jul
1449,197,125,Aug
1449,167,93,Sep
1449,392,300,Oct
1449,324,238,Nov
1449,32,14,Dec
1450,362,324,Jan
1450,309,174,Feb
1450,121,13,Mar
1450,298,263,Apr
1450,91,26,May
1450,136,39,Jun
1450,135,132,Jul
1450,332,205,Aug
1450,145,124,Sep
1450,378,310,Oct
1450,68,24,Nov
1450,356,231,Dec
1451,351,290,Jan
1451,287,188,Feb
1451,168,117,Mar
1451,157,151,Apr
1451,342,288,May
1451,325,201,Jun
1451,370,265,Jul
1451,61,49,Aug
1451,195,152,Sep
1451,246,204,Oct
1451,94,74,Nov
1451,304,291,Dec
1452,110,96,Jan
1452,283,159,Feb
1452,189,157,Mar
1452,80,61,Apr
1452,265,151,May
1452,72,17,Jun
1452,127,52,Jul
1452,241,196,Aug
1452,360,324,Sep
1452,363,344,Oct
1452,29,8,Nov
1452,43,39,Dec
1453,222,104,Jan
1453,333,287,Feb
1453,149,106,Mar
1453,312,309,Apr
1453,164,54,May
1453,148,76,Jun
1453,371,327,Jul
1453,374,336,Aug
1453,117,48,Sep
1453,358,280,Oct
1453,347,255,Nov
1453,239,190,Dec
1454,126,27,Jan
1454,240,166,Feb
1454,230,207,Mar
1454,317,182,Apr
1454,91,59,May
1454,190,44,Jun
1454,81,13,Jul
1454,57,42,Aug
1454,76,19,Sep
1454,74,51,Oct
1454,273,251,Nov
1454,332,215,Dec
1455,155,47,Jan
1455,226,143,Feb
1455,107,22,Mar
1455,267,166,Apr
1455,284,171,May
1455,72,57,Jun
1455,386,238,Jul
1455,340,279,Aug
1455,328,218,Sep
1455,301,223,Oct
1455,150,82,Nov
1455,33,29,Dec
1456,158,84,Jan
1456,195,63,Feb
1456,332,196,Mar
1456,249,130,Apr
1456,136,39,May
1456,59,49,Jun
1456,362,314,Jul
1456,372,339,Aug
1456,273,194,Sep
1456,32,7,Oct
1456,254,153,Nov
1456,253,154,Dec
1457,331,283,Jan
1457,114,70,Feb
1457,176,62,Mar
1457,295,256,Apr
1457,47,6,May
1457,175,141,Jun
1457,272,244,Jul
1457,199,173,Aug
1457,368,278,Sep
1457,125,35,Oct
1457,44,39,Nov
1457,255,237,Dec
1458,240,172,Jan
1458,40,20,Feb
1458,125,28,Mar
1458,262,253,Apr
1458,193,120,May
1458,348,224,Jun
1458,97,1,Jul
1458,31,29,Aug
1458,63,7,Sep
1458,323,276,Oct
1458,79,31,Nov
1458,296,197,Dec
1459,29,7,Jan
1459,342,209,Feb
1459,26,1,Mar
1459,304,231,Apr
1459,227,179,May
1459,308,188,Jun
1459,368,282,Jul
1459,122,92,Aug
1459,138,85,Sep
1459,237,108,Oct
1459,46,38,Nov
1459,307,181,Dec
1460,355,238,Jan
1460,364,320,Feb
1460,312,214,Mar
1460,115,76,Apr
1460,110,103,May
1460,201,171,Jun
1460,125,38,Jul
1460,356,228,Aug
1460,389,328,Sep
1460,106,13,Oct
1460,33,16,Nov
1460,258,182,Dec
1461,261,119,Jan
1461,81,37,Feb
1461,237,157,Mar
1461,302,159,Apr
1461,220,89,May
1461,306,258,Jun
1461,43,34,Jul
1461,77,67,Aug
1461,325,312,Sep
1461,280,206,Oct
1461,281,217,Nov
1461,320,215,Dec
1462,306,287,Jan
1462,198,179,Feb
1462,115,81,Mar
1462,201,177,Apr
1462,114,106,May
1462,330,319,Jun
1462,26,22,Jul
1462,212,154,Aug
1462,21,7,Sep
1462,125,43,Oct
1462,272,215,Nov
1462,57,43,Dec
1463,40,26,Jan
1463,335,305,Feb
1463,280,137,Mar
1463,275,128,Apr
1463,262,171,May
1463,350,343,Jun
1463,192,142,Jul
1463,195,91,Aug
1463,264,199,Sep
1463,332,285,Oct
1463,75,63,Nov
1463,361,221,Dec
1464,173,156,Jan
1464,24,3,Feb
1464,84,71,Mar
1464,223,170,Apr
1464,155,115,May
1464,91,83,Jun
1464,319,267,Jul
1464,20,11,Aug
1464,178,133,Sep
1464,153,97,Oct
1464,56,37,Nov
1464,56,29,Dec
1465,89,2,Jan
1465,380,298,Feb
1465,345,293,Mar
1465,160,111,Apr
1465,266,192,May
1465,46,14,Jun
1465,183,43,Jul
1465,44,25,Aug
1465,25,22,Sep
1465,141,97,Oct
1465,125,86,Nov
1465,52,5,Dec
1466,159,75,Jan
1466,49,3,Feb
1466,64,31,Mar
1466,321,224,Apr
1466,134,97,May
1466,237,131,Jun
1466,42,16,Jul
1466,354,218,Aug
1466,303,196,Sep
1466,265,182,Oct
1466,179,77,Nov
1466,70,4,Dec
1467,272,239,Jan
1467,341,223,Feb
1467,121,104,Mar
1467,80,52,Apr
1467,269,251,May
1467,191,64,Jun
1467,362,243,Jul
1467,189,179,Aug
1467,281,215,Sep
1467,67,51,Oct
1467,284,205,Nov
1467,107,44,Dec
1468,272,199,Jan
1468,345,318,Feb
1468,209,108,Mar
1468,92,66,Apr
1468,275,125,May
1468,222,182,Jun
1468,32,10,Jul
1468,131,48,Aug
1468,389,333,Sep
1468,161,93,Oct
1468,115,80,Nov
1468,162,97,Dec
1469,139,29,Jan
1469,374,242,Feb
1469,132,49,Mar
1469,268,159,Apr
1469,396,281,May
1469,223,100,Jun
1469,266,121,Jul
1469,63,12,Aug
1469,377,280,Sep
1469,85,13,Oct
1469,171,112,Nov
1469,95,39,Dec
1470,379,246,Jan
1470,91,75,Feb
1470,270,197,Mar
1470,107,50,Apr
1470,182,63,May
1470,315,239,Jun
1470,163,68,Jul
1470,254,235,Aug
1470,365,320,Sep
1470,343,224,Oct
1470,350,266,Nov
1470,177,165,Dec
1471,225,143,Jan
1471,359,215,Feb
1471,296,195,Mar
1471,181,68,Apr
1471,342,278,May
1471,30,1,Jun
1471,35,35,Jul
1471,352,242,Aug
1471,251,142,Sep
1471,252,129,Oct
1471,258,214,Nov
1471,177,136,Dec
1472,132,79,Jan
1472,39,35,Feb
1472,228,158,Mar
1472,193,178,Apr
1472,152,13,May
1472,194,71,Jun
1472,255,193,Jul
1472,264,249,Aug
1472,125,81,Sep
1472,31,31,Oct
1472,388,279,Nov
1472,92,27,Dec
1473,374,320,Jan
1473,321,237,Feb
1473,288,234,Mar
1473,290,241,Apr
1473,372,370,May
1473,337,277,Jun
1473,75,53,Jul
1473,284,274,Aug
1473,369,244,Sep
1473,135,23,Oct
1473,138,76,Nov
1473,299,258,Dec
1474,325,188,Jan
1474,75,25,Feb
1474,245,191,Mar
1474,40,15,Apr
1474,84,18,May
1474,71,71,Jun
1474,228,204,Jul
1474,369,345,Aug
1474,50,0,Sep
1474,220,141,Oct
1474,135,22,Nov
1474,346,339,Dec
1475,37,18,Jan
1475,34,15,Feb
1475,31,20,Mar
1475,291,188,Apr
1475,384,316,May
1475,73,66,Jun
1475,183,63,Jul
1475,271,206,Aug
1475,306,292,Sep
1475,127,33,Oct
1475,79,70,Nov
1475,254,194,Dec
1476,240,229,Jan
1476,186,80,Feb
1476,238,173,Mar
1476,348,256,Apr
1476,400,296,May
1476,119,85,Jun
1476,306,214,Jul
1476,41,26,Aug
1476,77,4,Sep
1476,310,289,Oct
1476,152,29,Nov
1476,21,5,Dec
1477,329,206,Jan
1477,90,9,Feb
1477,123,84,Mar
1477,259,147,Apr
1477,161,150,May
1477,122,83,Jun
1477,212,103,Jul
1477,220,123,Aug
1477,173,77,Sep
1477,192,93,Oct
1477,385,330,Nov
1477,28,0,Dec
1478,316,308,Jan
1478,112,64,Feb
1478,180,173,Mar
1478,83,74,Apr
1478,330,254,May
1478,382,239,Jun
1478,348,344,Jul
1478,243,101,Aug
1478,394,343,Sep
1478,329,326,Oct
1478,264,142,Nov
1478,397,262,Dec
1479,156,41,Jan
1479,338,253,Feb
1479,347,277,Mar
1479,99,28,Apr
1479,99,16,May
1479,350,224,Jun
1479,298,275,Jul
1479,120,62,Aug
1479,253,221,Sep
1479,62,31,Oct
1479,91,1,Nov
1479,157,102,Dec
1480,355,309,Jan
1480,129,82,Feb
1480,50,29,Mar
1480,282,151,Apr
1480,223,200,May
1480,269,214,Jun
1480,91,40,Jul
1480,159,28,Aug
1480,273,187,Sep
1480,146,74,Oct
1480,22,2,Nov
1480,387,361,Dec
1481,48,23,Jan
1481,304,158,Feb
1481,167,156,Mar
1481,246,145,Apr
1481,220,169,May
1481,66,12,Jun
1481,374,366,Jul
1481,156,12,Aug
1481,165,125,Sep
1481,66,36,Oct
1481,351,265,Nov
1481,67,31,Dec
1482,281,164,Jan
1482,164,16,Feb
1482,28,12,Mar
1482,195,72,Apr
1482,199,57,May
1482,91,0,Jun
1482,189,70,Jul
1482,331,240,Aug
1482,189,72,Sep
1482,329,196,Oct
1482,123,14,Nov
1482,370,228,Dec
1483,296,218,Jan
1483,212,157,Feb
1483,88,42,Mar
1483,114,26,Apr
1483,282,275,May
1483,121,49,Jun
1483,106,12,Jul
1483,359,294,Aug
1483,215,197,Sep
1483,197,192,Oct
1483,165,30,Nov
1483,47,11,Dec
1484,265,258,Jan
1484,377,358,Feb
1484,318,213,Mar
1484,96,30,Apr
1484,45,33,May
1484,178,91,Jun
1484,128,7,Jul
1484,197,169,Aug
1484,243,153,Sep
1484,82,77,Oct
1484,397,258,Nov
1484,378,332,Dec
1485,140,103,Jan
1485,316,268,Feb
1485,230,178,Mar
1485,277,157,Apr
1485,199,127,May
1485,311,219,Jun
1485,352,321,Jul
1485,39,23,Aug
1485,102,36,Sep
1485,67,44,Oct
1485,25,23,Nov
1485,57,10,Dec
1486,396,304,Jan
1486,34,3,Feb
1486,89,49,Mar
1486,184,145,Apr
1486,38,37,May
1486,250,215,Jun
1486,95,12,Jul
1486,185,182,Aug
1486,393,279,Sep
1486,390,337,Oct
1486,73,48,Nov
1486,34,6,Dec
1487,289,155,Jan
1487,77,34,Feb
1487,325,276,Mar
1487,264,225,Apr
1487,246,145,May
1487,53,12,Jun
1487,396,276,Jul
1487,372,283,Aug
1487,24,6,Sep
1487,145,62,Oct
1487,167,88,Nov
1487,171,71,Dec
1488,119,65,Jan
1488,329,246,Feb
1488,46,43,Mar
1488,48,39,Apr
1488,145,129,May
1488,377,274,Jun
1488,314,221,Jul
1488,299,160,Aug
1488,399,384,Sep
1488,246,105,Oct
1488,74,14,Nov
1488,352,350,Dec
1489,149,111,Jan
1489,172,143,Feb
1489,363,231,Mar
1489,292,200,Apr
1489,393,321,May
1489,392,259,Jun
1489,122,103,Jul
1489,235,149,Aug
1489,233,219,Sep
1489,165,108,Oct
1489,211,198,Nov
1489,342,318,Dec
1490,331,195,Jan
1490,264,175,Feb
1490,313,283,Mar
1490,302,252,Apr
1490,85,6,May
1490,357,260,Jun
1490,150,22,Jul
1490,201,70,Aug
1490,286,249,Sep
1490,29,27,Oct
1490,65,9,Nov
1490,192,71,Dec
1491,58,41,Jan
1491,98,75,Feb
1491,240,238,Mar
1491,397,336,Apr
1491,80,45,May
1491,320,300,Jun
1491,351,238,Jul
1491,241,181,Aug
1491,51,27,Sep
1491,58,29,Oct
1491,264,144,Nov
1491,331,293,Dec
1492,103,42,Jan
1492,96,22,Feb
1492,265,117,Mar
1492,58,34,Apr
1492,325,181,May
1492,121,73,Jun
1492,329,185,Jul
1492,308,173,Aug
1492,105,55,Sep
1492,297,220,Oct
1492,166,44,Nov
1492,179,152,Dec
1493,204,127,Jan
1493,131,9,Feb
1493,296,217,Mar
1493,106,36,Apr
1493,46,38,May
1493,388,343,Jun
1493,302,234,Jul
1493,287,286,Aug
1493,275,137,Sep
1493,358,342,Oct
1493,232,89,Nov
1493,158,141,Dec
1494,182,178,Jan
1494,116,97,Feb
1494,269,152,Mar
1494,385,363,Apr
1494,232,161,May
1494,250,130,Jun
1494,376,297,Jul
1494,173,24,Aug
1494,244,221,Sep
1494,239,176,Oct
1494,285,182,Nov
1494,25,17,Dec
1495,267,181,Jan
1495,84,24,Feb
1495,166,56,Mar
1495,30,17,Apr
1495,198,85,May
1495,327,198,Jun
1495,381,354,Jul
1495,349,272,Aug
1495,202,69,Sep
1495,343,198,Oct
1495,35,24,Nov
1495,298,149,Dec
1496,312,202,Jan
1496,381,337,Feb
1496,360,235,Mar
1496,369,359,Apr
1496,165,107,May
1496,43,13,Jun
1496,166,156,Jul
1496,103,44,Aug
1496,200,153,Sep
1496,51,6,Oct
1496,286,190,Nov
1496,203,163,Dec
1497,293,220,Jan
1497,127,127,Feb
1497,160,86,Mar
1497,277,136,Apr
1497,302,168,May
1497,118,80,Jun
1497,61,49,Jul
1497,252,177,Aug
1497,24,13,Sep
1497,101,74,Oct
1497,176,167,Nov
1497,155,51,Dec
1498,239,223,Jan
1498,261,186,Feb
1498,331,234,Mar
1498,148,40,Apr
1498,264,188,May
1498,314,189,Jun
1498,110,91,Jul
1498,379,300,Aug
1498,398,349,Sep
1498,98,64,Oct
1498,318,198,Nov
1498,249,231,Dec
1499,385,326,Jan
1499,250,227,Feb
1499,28,12,Mar
1499,259,224,Apr
1499,381,290,May
1499,313,291,Jun
1499,113,19,Jul
1499,43,18,Aug
1499,79,32,Sep
1499,269,160,Oct
1499,344,292,Nov
1499,282,133,Dec
1500,189,46,Jan
1500,340,325,Feb
1500,235,214,Mar
1500,190,79,Apr
1500,367,242,May
1500,172,116,Jun
1500,204,107,Jul
1500,386,256,Aug
1500,238,171,Sep
1500,198,138,Oct
1500,168,127,Nov
1500,105,70,Dec
